node_id,handle,canonical_name,object_type,in_degree,out_degree,total_degree,pagerank,scc_id,scc_size,seed_distance_undirected,is_seed,is_giant_scc,instance_count,namespace_count,equation_count
1,@0_4_wavefunction_collapse_as_a_geometric_event,0.4 Wavefunction Collapse as a Geometric Event,mathematical_object,2,2,4,0.00035317495893540617,0,1260,2,False,True,2,2,0
2,@LIGO_observation,Family: `F17_OBSERVABLES`,mathematical_object,43,134,177,0.0006393278637876904,0,1260,1,False,True,2,2,0
3,@Pi_Q,Time-Space / QFT Projection Handoff,projection,1,2,3,0.00021407818195868085,67,1,3,False,False,1,1,0
4,@Pi_QCD,CRD -> QCD Composite Readout,partial_map,1,0,1,0.000414836271031386,63,1,7,False,False,1,1,0
5,@Q_handoff,Canonical Quantum-Field Handoff Object,qft_handoff,1,1,2,0.00020362942691915694,66,1,4,False,False,1,1,0
6,@S0,@S0,mathematical_object,0,2,2,0.00011264619953181728,73,1,2,False,False,2,2,0
7,@S3,@S3,mathematical_object,1,1,2,0.0002901481636139044,0,1260,3,False,True,2,2,0
8,@S4,@S4,mathematical_object,1,1,2,0.00038530544421805515,0,1260,3,False,True,2,2,0
9,@S_RH,Rainbow-Road / Helicon Correspondence,partial_correspondence,2,2,4,0.0002386634877510234,0,1260,2,False,True,1,1,0
10,@acceleration_equation,Family: `F18_COSMOLOGY`,mathematical_object,416,136,552,0.0026972465729886205,0,1260,1,False,True,2,2,0
11,@accretion_disk,Family: `F17_OBSERVABLES`,mathematical_object,2,134,136,0.0001179156576733995,0,1260,1,False,True,2,2,0
12,@achronal_set,Family: `F11_PENROSE_GLOBAL`,mathematical_object,33,132,165,0.00045061280553830964,0,1260,1,False,True,2,2,0
13,@action_and_variation,Action and variation,mathematical_object,1,1,2,0.00024186778934912506,0,1260,2,False,True,2,2,0
14,@action_through_geometry,Action Through Geometry,mathematical_object,1,1,2,0.00024186778934912506,0,1260,2,False,True,2,2,0
15,@adaptive_interface_field,Adaptive Interface Field,mathematical_object,1,1,2,0.00024186778934912506,0,1260,2,False,True,2,2,0
16,@adaptive_phase_interface,Adaptive Phase Interface,mathematical_object,1,1,2,0.000261098036109078,0,1260,3,False,True,2,2,0
17,@adaptive_phase_interfaces_and_assistive_cognitive_technologies,Adaptive Phase Interfaces and Assistive Cognitive Technologies,mathematical_object,1,1,2,0.000261098036109078,0,1260,3,False,True,2,2,0
18,@adjacency_lattice,Adjacency Lattice,mathematical_object,3,152,155,0.00046795762573436853,0,1260,1,False,True,2,2,0
19,@adm_decomposition,Family: `F6_INITIAL_VALUE_ADM`,mathematical_object,26,147,173,0.0002390169997201574,0,1260,1,False,True,2,2,0
20,@adm_mass,Family: `F7_SYMMETRIES_CONSERVED`,mathematical_object,8,140,148,0.0003321598972594467,0,1260,1,False,True,2,2,0
21,@admiral_throne_interaction,Admiral–Throne Interaction,mathematical_object,1,1,2,0.00024186778934912506,0,1260,2,False,True,2,2,0
22,@admissibility,Admissibility,mathematical_object,19,5,24,0.00109726490264449,0,1260,2,False,True,4,4,0
23,@admissible_continuation,Admissible Continuation,mathematical_object,7,173,180,0.0006120555070832318,0,1260,1,False,True,4,4,0
24,@admissible_equivalence,Admissible Equivalence,mathematical_object,13,154,167,0.0001698099681110868,0,1260,1,False,True,4,4,0
25,@aerodynamic_toolkit_in_er_fluid,Aerodynamic Toolkit in ER-Fluid,mathematical_object,1,1,2,0.0002352783665592439,0,1260,3,False,True,2,2,0
26,@affine_connection,Family: `F3_CONNECTION_MOTION`,mathematical_object,414,137,551,0.0026766628816637136,0,1260,1,False,True,2,2,0
27,@affine_parameter,Family: `F3_CONNECTION_MOTION`,mathematical_object,1,132,133,0.00012080242607970728,0,1260,1,False,True,2,2,0
28,@agency,Agency,mathematical_object,3,147,150,0.00012025517018818626,0,1260,1,False,True,2,2,0
29,@angular_generator,@angular_generator,mathematical_object,1,0,1,0.00011893622949397146,36,1,1,False,False,2,2,0
30,@angular_momentum_parameter,Family: `F9_EXACT_SOLUTIONS`,mathematical_object,4,132,136,0.00018151524440865457,0,1260,1,False,True,2,2,0
31,@angular_reduction,Angular Reduction,mathematical_object,1,0,1,0.00011893622949397146,37,1,1,False,False,2,2,0
32,@angular_reduction_field,Angular Reduction Field,mathematical_object,2,3,5,0.0003378901748636693,0,1260,1,False,True,3,3,0
33,@angular_reduction_theorem,Angular Reduction Theorem,mathematical_object,2,3,5,0.00033890248904119185,0,1260,2,False,True,2,2,0
34,@annihilation_operator,@annihilation_operator,mathematical_object,2,2,4,0.00014908536527859196,0,1260,1,False,True,2,2,0
35,@anomaly_freedom,@anomaly_freedom,mathematical_object,1,0,1,0.0004441464836445278,43,1,2,False,False,2,2,0
36,@anti_de_sitter_spacetime,Anti De Sitter Spacetime,mathematical_object,3,132,135,0.0001633966603798605,0,1260,1,False,True,4,4,0
37,@apex_forms_and_predatory_resonance,Apex Forms and Predatory Resonance,mathematical_object,1,1,2,0.000261098036109078,0,1260,3,False,True,2,2,0
38,@api_endpoints_added,API Endpoints Added,mathematical_object,1,148,149,0.00011509979365946183,0,1260,1,False,True,2,2,0
39,@apparent_horizon,Family: `F10_BLACK_HOLE_GEOMETRY`,mathematical_object,40,135,175,0.0005074537666726254,0,1260,1,False,True,2,2,0
40,@appendix_10_numerical_schemes_for_phase_and_er_foam_evolution,Appendix 10: Numerical Schemes for Phase and ER-Foam Evolution,mathematical_object,1,1,2,0.000261098036109078,0,1260,3,False,True,2,2,0
41,@appendix_12_mk_43_ultra_prime_field_geometry_and_the_twin_prime_experiment,Appendix 12: MK--43 Ultra Prime-Field Geometry and the Twin Prime Experiment,mathematical_object,1,1,2,0.00024186778934912506,0,1260,2,False,True,2,2,0
42,@appendix_2_derivation_of_the_phase_metric,Appendix 2: Derivation of the Phase Metric,mathematical_object,2,2,4,0.00035317495893540617,0,1260,2,False,True,2,2,0
43,@appendix_3_core_field_equations_for_mk_43_ultra,Appendix 3: Core Field Equations for MK--43 Ultra,mathematical_object,1,1,2,0.00024186778934912506,0,1260,2,False,True,2,2,0
44,@appendix_4_linearised_gravitational_waves_in_the_phase_framework,Appendix 4: Linearised Gravitational Waves in the Phase Framework,mathematical_object,1,1,2,0.000261098036109078,0,1260,3,False,True,2,2,0
45,@appendix_5_er_bridge_topology_and_connectivity_measures,Appendix 5: ER-Bridge Topology and Connectivity Measures,mathematical_object,1,1,2,0.000204795272723581,0,1260,2,False,True,2,2,0
46,@appendix_6_sub_planck_thermodynamics_and_phase_entropy,Appendix 6: Sub-Planck Thermodynamics and Phase Entropy,mathematical_object,2,2,4,0.00034298064352290803,0,1260,3,False,True,2,2,0
47,@appendix_8_neural_phase_fields_and_cognitive_coherence,Appendix 8: Neural Phase Fields and Cognitive Coherence,mathematical_object,2,2,4,0.0003903196259263858,0,1260,2,False,True,2,2,0
48,@appendix_b_bead_hamiltonian_derivation,Appendix B: Bead Hamiltonian Derivation,mathematical_object,1,1,2,0.00024186778934912506,0,1260,2,False,True,2,2,0
49,@appendix_b_discrete_hamiltonian,Appendix B: Discrete Hamiltonian,mathematical_object,1,1,2,0.00024186778934912506,0,1260,2,False,True,2,2,0
50,@appendix_b_phase_metric_derivations,Appendix B: Phase Metric Derivations,mathematical_object,2,2,4,0.00035317495893540617,0,1260,2,False,True,2,2,0
51,@area_theorem,Family: `F12_BLACK_HOLE_MECHANICS`,mathematical_object,8,135,143,0.0002140520918993471,0,1260,1,False,True,2,2,0
52,@artifact_coordinate,@artifact_coordinate,mathematical_object,1,1,2,0.0005127827592491934,0,1260,2,False,True,2,2,0
53,@ascendant_resonances,Ascendant Resonances,mathematical_object,1,1,2,0.000261098036109078,0,1260,3,False,True,2,2,0
54,@asymptotic_flatness,Family: `F7_SYMMETRIES_CONSERVED`,mathematical_object,9,141,150,0.0002191193554755053,0,1260,1,False,True,2,2,0
55,@asymptotic_particle_flux,@asymptotic_particle_flux,mathematical_object,4,2,6,0.00044733323362687957,0,1260,1,False,True,2,2,0
56,@asymptotic_symmetry,Family: `F7_SYMMETRIES_CONSERVED`,mathematical_object,4,136,140,0.00021052345225174414,0,1260,1,False,True,2,2,0
57,@atlas,Family: `F1_DIFFERENTIAL_FOUNDATION`,mathematical_object,10,134,144,0.00020979434979648498,0,1260,1,False,True,2,2,0
58,@atmospheric_phase_engineering_and_climate_regulation,Atmospheric Phase Engineering and Climate Regulation,mathematical_object,2,2,4,0.0003837302031365047,0,1260,3,False,True,2,2,0
59,@atomic_chirality_carrier,Atomic Chirality Carrier,QFT_GR_SOURCE_OBJECT,3,2,5,0.00040578088503775647,0,1260,2,False,True,1,1,1
60,@audit_graph,@audit_graph,mathematical_object,1,1,2,0.00035176703717482735,1,14,6,False,False,2,2,0
61,@autonomy_as_a_phase_separated_cognitive_field,Autonomy as a Phase-Separated Cognitive Field,mathematical_object,2,2,4,0.0003903196259263858,0,1260,2,False,True,2,2,0
62,@autonomy_field,Autonomy Field,mathematical_object,1,1,2,0.00024186778934912506,0,1260,2,False,True,2,2,0
63,@autonomy_field_definition,Autonomy Field Definition,mathematical_object,1,1,2,0.00024186778934912506,0,1260,2,False,True,2,2,0
64,@axiom_3_1_phase_geometry,Axiom 3.1 — Phase Geometry,mathematical_object,1,1,2,0.000261098036109078,0,1260,3,False,True,2,2,0
65,@axiom_3_5_phase_invariance,Axiom 3.5 — Phase Invariance,mathematical_object,1,1,2,0.000261098036109078,0,1260,3,False,True,2,2,0
66,@axiom_a12,Axiom A12 — Spectral Projection Rule,mathematical_object,1,1,2,0.00023120339317544248,0,1260,3,False,True,2,2,0
67,@axiom_a13,Axiom A13 — Connection and Curvature,mathematical_object,1,1,2,0.00020472312235814545,0,1260,2,False,True,2,2,0
68,@axiom_a14,Axiom A14 — Quantum Action Principle,mathematical_object,1,1,2,0.00024186778934912506,0,1260,2,False,True,2,2,0
69,@axiom_a2,Axiom A2 — Chirality Organization,mathematical_object,1,1,2,0.000204795272723581,0,1260,2,False,True,2,2,0
70,@axiom_a7,Axiom A7 — Field Section,mathematical_object,1,1,2,0.00024186778934912506,0,1260,2,False,True,2,2,0
71,@axiom_a9,Axiom A9 — Hermitian Metric,mathematical_object,1,1,2,0.00020472312235814545,0,1260,2,False,True,2,2,0
72,@axisymmetric_spacetime,Axisymmetric Spacetime,mathematical_object,32,136,168,0.0005797618297136483,0,1260,1,False,True,3,3,0
73,@background_metric,Background Metric,mathematical_object,416,141,557,0.002916218632673178,0,1260,1,False,True,4,4,0
74,@backreaction,Family: `F13_QFT_CURVED`,mathematical_object,45,144,189,0.0006052748053459104,0,1260,1,False,True,2,2,0
75,@backreaction_on_geometry,Backreaction on geometry,mathematical_object,2,1,3,0.0003446615825713079,0,1260,2,False,True,2,2,0
76,@bandwidth,Bandwidth,mathematical_object,37,173,210,0.00036800721669216904,0,1260,0,True,True,10,10,0
77,@bandwidth_algebra,Bandwidth Algebra,typed partial path/category-like algebra,0,8,8,0.00011264619953181728,80,1,1,False,False,3,3,3
78,@behavioral_divergence_fields_and_psychopathology_geometry,Behavioral Divergence Fields and Psychopathology Geometry,mathematical_object,1,1,2,0.00024186778934912506,0,1260,2,False,True,2,2,0
79,@bekenstein_hawking_entropy,Family: `F14_HAWKING_THERMODYNAMICS`,mathematical_object,56,152,208,0.0007278178280641356,0,1260,1,False,True,2,2,0
80,@binary_inspiral,Family: `F8_LINEARIZED_GRAVITY_WAVES`,mathematical_object,418,134,552,0.0029360091851806263,0,1260,1,False,True,2,2,0
81,@binary_pulsar_decay,Family: `F17_OBSERVABLES`,mathematical_object,43,133,176,0.0006537592720476022,0,1260,1,False,True,2,2,0
82,@binding_decision,@binding_decision,mathematical_object,1,0,1,0.00011780681016029302,29,1,2,False,False,2,2,0
83,@binding_threshold,Binding Threshold,mathematical_object,2,2,4,0.0001240968401224472,0,1260,1,False,True,2,2,0
84,@bio_geometric_encoding_and_living_phase_structures,Bio-Geometric Encoding and Living Phase Structures,mathematical_object,2,2,4,0.00035317495893540617,0,1260,2,False,True,2,2,0
85,@bio_geometric_functional,Bio-geometric functional,mathematical_object,1,1,2,0.00020472312235814545,0,1260,2,False,True,2,2,0
86,@bio_geometric_maps,Bio-Geometric Maps,mathematical_object,1,1,2,0.00020472312235814545,0,1260,2,False,True,2,2,0
87,@biological_organization,Biological Organization,mathematical_object,1,145,146,0.00011330096217289709,0,1260,1,False,True,2,2,0
88,@biological_phase_coupling_and_cellular_field_dynamics,Biological Phase Coupling and Cellular Field Dynamics,mathematical_object,2,2,4,0.0003903196259263858,0,1260,2,False,True,2,2,0
89,@birkhoff_theorem,Family: `F9_EXACT_SOLUTIONS`,mathematical_object,4,132,136,0.00018151524440865457,0,1260,1,False,True,2,2,0
90,@black_hole,Black Hole,mathematical_object,481,375,856,0.014471270852845646,0,1260,0,True,True,4,4,0
91,@black_hole_angular_momentum,Black Hole Angular Momentum,mathematical_object,31,135,166,0.0003985995498479479,0,1260,1,False,True,4,4,0
92,@black_hole_charge,Black Hole Charge,mathematical_object,31,135,166,0.00044638706149953574,0,1260,1,False,True,4,4,0
93,@black_hole_complementarity,Black Hole Complementarity,mathematical_object,62,147,209,0.0006678225846101966,0,1260,1,False,True,4,4,0
94,@black_hole_cosmology,Black Hole Cosmology,mathematical_object,37,135,172,0.000501658196605264,0,1260,0,True,True,4,4,0
95,@black_hole_diaphragm_physics_and_hawking_light_information,Black Hole Diaphragm Physics and Hawking-Light Information,mathematical_object,1,1,2,0.00023120339317544248,0,1260,3,False,True,2,2,0
96,@black_hole_evaporation,Black Hole Evaporation,mathematical_object,79,153,232,0.0008644184618590633,0,1260,1,False,True,4,4,0
97,@black_hole_horizon,Black-Hole Horizon,mathematical_object,415,7,422,0.0026932699139288288,0,1260,1,False,True,4,4,0
98,@black_hole_information_closure,Black Hole Information Closure,mathematical_object,438,7,445,0.0033721296939641194,0,1260,1,False,True,4,4,0
99,@black_hole_information_problem,Black Hole Information Problem,mathematical_object,77,162,239,0.000843991403607275,0,1260,1,False,True,3,3,0
100,@black_hole_mass,Black Hole Mass,mathematical_object,5,137,142,0.00026590701941698653,0,1260,1,False,True,4,4,0
101,@black_hole_mass_loss,Black Hole Mass Loss,mathematical_object,3,3,6,0.0002664238244132683,0,1260,1,False,True,3,3,0
102,@black_hole_mechanics,Black Hole Mechanics,mathematical_object,53,139,192,0.0006319146318414729,0,1260,1,False,True,3,3,0
103,@black_hole_perturbation,Black Hole Perturbation,mathematical_object,419,144,563,0.002718479606383297,0,1260,1,False,True,4,4,0
104,@black_hole_region,Black Hole Region,mathematical_object,417,165,582,0.0027021788253181796,0,1260,1,False,True,4,4,0
105,@black_hole_shadow,Black Hole Shadow,mathematical_object,38,138,176,0.00045578798758032804,0,1260,1,False,True,3,3,0
106,@black_hole_thermodynamics,Black Hole Thermodynamics,mathematical_object,57,152,209,0.0011350136316387953,0,1260,1,False,True,3,3,0
107,@black_hole_uniqueness,Black Hole Uniqueness,mathematical_object,2,133,135,0.00014638327840042195,0,1260,1,False,True,4,4,0
108,@black_rainbow,Black Rainbow,mathematical_object,1,0,1,0.00016052083426012164,81,1,3,False,False,2,2,0
109,@bms_group,Family: `F7_SYMMETRIES_CONSERVED`,mathematical_object,4,136,140,0.00021052345225174414,0,1260,1,False,True,2,2,0
110,@bogoliubov_coefficient,Family: `F13_QFT_CURVED`,mathematical_object,71,152,223,0.0005680405027307708,0,1260,1,False,True,2,2,0
111,@bogoliubov_coefficient_alpha,@bogoliubov_coefficient_alpha,mathematical_object,0,2,2,0.00011264619953181728,82,1,1,False,False,2,2,0
112,@bogoliubov_coefficient_beta,@bogoliubov_coefficient_beta,mathematical_object,0,3,3,0.00011264619953181728,83,1,1,False,False,2,2,0
113,@bogoliubov_transformation,Family: `F13_QFT_CURVED`,mathematical_object,75,156,231,0.0007213124004056458,0,1260,1,False,True,2,2,0
114,@bondi_mass,Family: `F7_SYMMETRIES_CONSERVED`,mathematical_object,6,138,144,0.0003297419564388042,0,1260,1,False,True,2,2,0
115,@bondi_mass_loss,Family: `F7_SYMMETRIES_CONSERVED`,mathematical_object,7,138,145,0.0003490188036976996,0,1260,1,False,True,2,2,0
116,@boulware_state,Family: `F14_HAWKING_THERMODYNAMICS`,mathematical_object,43,148,191,0.0005526486129674179,0,1260,1,False,True,2,2,0
117,@bounce,Bounce,mathematical_object,2,2,4,0.0012282807947439885,0,1260,3,False,True,2,2,0
118,@bounce_criterion,Bounce criterion,mathematical_object,415,2,417,0.0026932699139288288,0,1260,1,False,True,2,2,0
119,@bound_coherent_helicon,Bound Coherent Helicon,mathematical_object,2,147,149,0.0001671581505695162,0,1260,1,False,True,3,3,0
120,@boundary,Boundary,mathematical_object,2,3,5,0.00029818126079313666,2,6,4,False,False,2,2,0
121,@boundary_projection,Boundary Projection,mathematical_object,8,2,10,0.000251761580952246,0,1260,1,False,True,6,6,0
122,@boundary_reflection,Boundary Reflection,mathematical_object,1,2,3,0.00019713089023789507,2,6,3,False,False,2,2,0
123,@boundary_term,Boundary Term,mathematical_object,6,134,140,0.0003045417357630537,0,1260,1,False,True,4,4,0
124,@bounded_closure_operator,Conditioned Bounded Closure Operator,Operator,4,0,4,0.00030115462432811014,38,1,3,False,False,2,2,0
125,@boyer_lindquist_coordinates,Boyer Lindquist Coordinates,mathematical_object,4,132,136,0.00018151524440865457,0,1260,1,False,True,4,4,0
126,@bridge_metric_ansatz,Bridge Metric Ansatz,mathematical_object,1,1,2,0.00020472312235814545,0,1260,2,False,True,2,2,0
127,@bulk_action,Bulk Action,mathematical_object,1,1,2,0.00024186778934912506,0,1260,2,False,True,2,2,0
128,@canonical_commutation_relation,Family: `F13_QFT_CURVED`,mathematical_object,37,136,173,0.0004520178021340876,0,1260,1,False,True,2,2,0
129,@canonical_higgs_configuration,Canonical-Order Higgs Configuration,Field,1,1,2,0.00013020551302369974,0,1260,3,False,True,2,2,0
130,@canonical_positive_lock,Canonical Positive T4 Lock,State,1,2,3,0.00024186778934912506,0,1260,2,False,True,2,2,0
131,@canonical_qft_handoff_object,Canonical Quantum-Field Handoff Object,Object,7,4,11,0.0009711137637135437,0,1260,2,False,True,3,3,0
132,@canonical_zero_lock,Canonical Zero T4 Lock,State,1,2,3,0.00024186778934912506,0,1260,2,False,True,2,2,0
133,@cauchy_horizon,Family: `F10_BLACK_HOLE_GEOMETRY`,mathematical_object,38,132,170,0.0005289110655007988,0,1260,1,False,True,2,2,0
134,@cauchy_problem,Family: `F6_INITIAL_VALUE_ADM`,mathematical_object,46,150,196,0.00042027242611590576,0,1260,1,False,True,2,2,0
135,@cauchy_surface,Family: `F2_LORENTZIAN_SPACETIME`,mathematical_object,417,134,551,0.0027653232923658213,0,1260,1,False,True,2,2,0
136,@causal_boundary,Causal Boundary,mathematical_object,414,168,582,0.0026797118482040946,0,1260,1,False,True,4,4,0
137,@causal_character,Family: `F2_LORENTZIAN_SPACETIME`,mathematical_object,416,159,575,0.0026996721544081904,0,1260,1,False,True,2,2,0
138,@causal_future,Family: `F2_LORENTZIAN_SPACETIME`,mathematical_object,416,135,551,0.0026971224817787065,0,1260,1,False,True,2,2,0
139,@causal_past,Family: `F2_LORENTZIAN_SPACETIME`,mathematical_object,1,132,133,0.00012048007432082395,0,1260,1,False,True,2,2,0
140,@causal_structure,Family: `F2_LORENTZIAN_SPACETIME`,mathematical_object,417,209,626,0.0027929486696184553,0,1260,1,False,True,2,2,0
141,@causality,@causality,mathematical_object,1,0,1,0.0003753117288939174,44,1,2,False,False,2,2,0
142,@cellular_phase_field,Cellular Phase Field,mathematical_object,3,3,6,0.0004398590613980365,0,1260,2,False,True,2,2,0
143,@cellular_phase_potential,Cellular Phase Potential,mathematical_object,1,1,2,0.000261098036109078,0,1260,3,False,True,2,2,0
144,@chapter_100_adapter_the_final_phase_synthesis_of_mk_43_ultra_as_a_unified_geometric_framework,Chapter 100 Adapter — The Final Phase: Synthesis of MK--43 Ultra as a Unified Geometric Framework,mathematical_object,2,2,4,0.00035317495893540617,0,1260,2,False,True,2,2,0
145,@chapter_13_mapping_the_veil_currents,Chapter 13: Mapping the Veil Currents,mathematical_object,1,1,2,0.00028070185638968785,0,1260,2,False,True,2,2,0
146,@chapter_41_adapter_phase_engineered_materials_and_metastructures,Chapter 41 Adapter — Phase-Engineered Materials and Metastructures,mathematical_object,2,2,4,0.00038967680630501466,0,1260,3,False,True,2,2,0
147,@chapter_42_adapter_er_stabilized_energy_conduits_and_micro_wormhole_transport,Chapter 42 Adapter — ER-Stabilized Energy Conduits and Micro-Wormhole Transport,mathematical_object,1,1,2,0.00028070185638968785,0,1260,2,False,True,2,2,0
148,@chapter_43_adapter_superfluidic_field_dynamics_and_advanced_propulsion,Chapter 43 Adapter — Superfluidic Field Dynamics and Advanced Propulsion,mathematical_object,2,2,4,0.0003644999563765517,0,1260,2,False,True,2,2,0
149,@chapter_44_adapter_phase_field_armor_and_kinetic_nullification,Chapter 44 Adapter — Phase-Field Armor and Kinetic Nullification,mathematical_object,2,2,4,0.0003903196259263858,0,1260,2,False,True,2,2,0
150,@chapter_45_adapter_phase_control_logic_and_field_computing,Chapter 45 Adapter — Phase-Control Logic and Field Computing,mathematical_object,2,2,4,0.0003903196259263858,0,1260,2,False,True,2,2,0
151,@chapter_46_adapter_planetary_phase_fields_and_macro_scale_stability,Chapter 46 Adapter — Planetary Phase Fields and Macro-Scale Stability,mathematical_object,2,2,4,0.0003903196259263858,0,1260,2,False,True,2,2,0
152,@chapter_48_adapter_atmospheric_phase_engineering_and_climate_regulation,Chapter 48 Adapter — Atmospheric Phase Engineering and Climate Regulation,mathematical_object,2,2,4,0.0003837302031365047,0,1260,3,False,True,2,2,0
153,@chapter_49_adapter_geometric_infrastructure_and_phase_supported_architecture,Chapter 49 Adapter — Geometric Infrastructure and Phase-Supported Architecture,mathematical_object,2,2,4,0.00035317495893540617,0,1260,2,False,True,2,2,0
154,@chapter_51_adapter_interstellar_phase_fields_and_medium_structure,Chapter 51 Adapter — Interstellar Phase Fields and Medium Structure,mathematical_object,2,2,4,0.0003903196259263858,0,1260,2,False,True,2,2,0
155,@chapter_53_adapter_phase_driven_stellar_evolution_and_end_states,Chapter 53 Adapter — Phase-Driven Stellar Evolution and End States,mathematical_object,1,1,2,0.000261098036109078,0,1260,3,False,True,2,2,0
156,@chapter_54_adapter_interstellar_navigation_and_phase_gradient_trajectories,Chapter 54 Adapter — Interstellar Navigation and Phase-Gradient Trajectories,mathematical_object,1,1,2,0.000261098036109078,0,1260,3,False,True,2,2,0
157,@chapter_55_adapter_cosmic_engineering_and_mega_scale_phase_structures,Chapter 55 Adapter — Cosmic Engineering and Mega-Scale Phase Structures,mathematical_object,1,1,2,0.000261098036109078,0,1260,3,False,True,2,2,0
158,@chapter_56_adapter_galactic_phase_topology_and_spiral_structure_formation,Chapter 56 Adapter — Galactic Phase Topology and Spiral Structure Formation,mathematical_object,2,2,4,0.0003532471093008417,0,1260,2,False,True,2,2,0
159,@chapter_59_adapter_universe_scale_phase_topology_and_large_cycle_geometry,Chapter 59 Adapter — Universe-Scale Phase Topology and Large-Cycle Geometry,mathematical_object,2,2,4,0.0003532471093008417,0,1260,2,False,True,2,2,0
160,@chapter_61_adapter_multiversal_phase_boundaries_and_cross_cycle_geometry,Chapter 61 Adapter — Multiversal Phase Boundaries and Cross-Cycle Geometry,mathematical_object,1,1,2,0.000261098036109078,0,1260,3,False,True,2,2,0
161,@chapter_63_adapter_higher_dimensional_phase_embeddings_and_extended_topology,Chapter 63 Adapter — Higher-Dimensional Phase Embeddings and Extended Topology,mathematical_object,2,2,4,0.0003532471093008417,0,1260,2,False,True,2,2,0
162,@chapter_65_adapter_multiversal_dynamics_and_phase_correlated_cosmoi,Chapter 65 Adapter — Multiversal Dynamics and Phase-Correlated Cosmoi,mathematical_object,1,1,2,0.000261098036109078,0,1260,3,False,True,2,2,0
163,@chapter_66_adapter_biological_phase_coupling_and_cellular_field_dynamics,Chapter 66 Adapter — Biological Phase Coupling and Cellular Field Dynamics,mathematical_object,2,2,4,0.0003903196259263858,0,1260,2,False,True,2,2,0
164,@chapter_68_adapter_consciousness_as_a_phase_coherent_cognitive_field,Chapter 68 Adapter — Consciousness as a Phase-Coherent Cognitive Field,mathematical_object,2,2,4,0.0003903196259263858,0,1260,2,False,True,2,2,0
165,@chapter_70_adapter_bio_geometric_encoding_and_living_phase_structures,Chapter 70 Adapter — Bio-Geometric Encoding and Living Phase Structures,mathematical_object,2,2,4,0.00035317495893540617,0,1260,2,False,True,2,2,0
166,@chapter_71_adapter_phase_coherent_civilizations_and_collective_stability,Chapter 71 Adapter — Phase-Coherent Civilizations and Collective Stability,mathematical_object,1,1,2,0.000261098036109078,0,1260,3,False,True,2,2,0
167,@chapter_72_adapter_cultural_er_networks_and_information_flow_geometry,Chapter 72 Adapter — Cultural ER Networks and Information Flow Geometry,mathematical_object,1,1,2,0.00028070185638968785,0,1260,2,False,True,2,2,0
168,@chapter_73_adapter_collective_decision_fields_and_phase_driven_social_dynamics,Chapter 73 Adapter — Collective Decision Fields and Phase-Driven Social Dynamics,mathematical_object,2,2,4,0.0003903196259263858,0,1260,2,False,True,2,2,0
169,@chapter_75_adapter_phase_geometry_of_societal_evolution_and_macro_historical_cycles,Chapter 75 Adapter — Phase Geometry of Societal Evolution and Macro-Historical Cycles,mathematical_object,1,1,2,0.000261098036109078,0,1260,3,False,True,2,2,0
170,@chapter_76_adapter_economic_phase_fields_and_resource_flow_geometry,Chapter 76 Adapter — Economic Phase Fields and Resource Flow Geometry,mathematical_object,3,3,6,0.0005583752827842564,0,1260,2,False,True,2,2,0
171,@chapter_77_adapter_market_er_networks_and_transaction_connectivity,Chapter 77 Adapter — Market ER Networks and Transaction Connectivity,mathematical_object,1,1,2,0.00024186778934912506,0,1260,2,False,True,2,2,0
172,@chapter_78_adapter_information_phase_fields_and_communication_efficiency,Chapter 78 Adapter — Information Phase Fields and Communication Efficiency,mathematical_object,2,2,4,0.0003903196259263858,0,1260,2,False,True,2,2,0
173,@chapter_79_adapter_optimization_via_phase_gradient_descent,Chapter 79 Adapter — Optimization via Phase-Gradient Descent,mathematical_object,1,1,2,0.000261098036109078,0,1260,3,False,True,2,2,0
174,@chapter_80_adapter_information_field_engineering_and_phase_based_computation,Chapter 80 Adapter — Information Field Engineering and Phase-Based Computation,mathematical_object,2,2,4,0.0003903196259263858,0,1260,2,False,True,2,2,0
175,@chapter_81_adapter_ethical_phase_gradients_and_moral_field_dynamics,Chapter 81 Adapter — Ethical Phase Gradients and Moral Field Dynamics,mathematical_object,2,2,4,0.0003903196259263858,0,1260,2,False,True,2,2,0
176,@chapter_83_adapter_collective_ethical_fields_and_civilizational_decision_coherence,Chapter 83 Adapter — Collective Ethical Fields and Civilizational Decision Coherence,mathematical_object,1,1,2,0.00024186778934912506,0,1260,2,False,True,2,2,0
177,@chapter_84_adapter_high_order_cognitive_fields_and_phase_awareness,Chapter 84 Adapter — High-Order Cognitive Fields and Phase Awareness,mathematical_object,2,2,4,0.0003903196259263858,0,1260,2,False,True,2,2,0
178,@chapter_85_adapter_ethical_optimization_and_phase_informed_governance,Chapter 85 Adapter — Ethical Optimization and Phase-Informed Governance,mathematical_object,1,1,2,0.000261098036109078,0,1260,3,False,True,2,2,0
179,@chapter_86_adapter_neural_phase_geometry_and_behavioral_field_encoding,Chapter 86 Adapter — Neural Phase Geometry and Behavioral Field Encoding,mathematical_object,2,2,4,0.0003903196259263858,0,1260,2,False,True,2,2,0
180,@chapter_87_adapter_psychological_phase_distortions_and_cognitive_stability,Chapter 87 Adapter — Psychological Phase Distortions and Cognitive Stability,mathematical_object,1,1,2,0.000261098036109078,0,1260,3,False,True,2,2,0
181,@chapter_88_adapter_behavioral_divergence_fields_and_psychopathology_geometry,Chapter 88 Adapter — Behavioral Divergence Fields and Psychopathology Geometry,mathematical_object,1,1,2,0.00024186778934912506,0,1260,2,False,True,2,2,0
182,@chapter_90_adapter_autonomy_as_a_phase_separated_cognitive_field,Chapter 90 Adapter — Autonomy as a Phase-Separated Cognitive Field,mathematical_object,2,2,4,0.0003903196259263858,0,1260,2,False,True,2,2,0
183,@chapter_91_adapter_free_will_geometry_and_competing_phase_potentials,Chapter 91 Adapter — Free-Will Geometry and Competing Phase Potentials,mathematical_object,1,1,2,0.000261098036109078,0,1260,3,False,True,2,2,0
184,@chapter_92_adapter_reflective_fields_and_meta_cognitive_feedback,Chapter 92 Adapter — Reflective Fields and Meta-Cognitive Feedback,mathematical_object,1,1,2,0.00024186778934912506,0,1260,2,False,True,2,2,0
185,@chapter_93_adapter_constraint_fields_agency_and_environmental_coupling,"Chapter 93 Adapter — Constraint Fields, Agency, and Environmental Coupling",mathematical_object,1,1,2,0.00024186778934912506,0,1260,2,False,True,2,2,0
186,@chapter_94_adapter_phase_compatible_environments_and_supportive_cognitive_geometry,Chapter 94 Adapter — Phase-Compatible Environments and Supportive Cognitive Geometry,mathematical_object,1,1,2,0.000261098036109078,0,1260,3,False,True,2,2,0
187,@chapter_95_adapter_adaptive_phase_interfaces_and_assistive_cognitive_technologies,Chapter 95 Adapter — Adaptive Phase Interfaces and Assistive Cognitive Technologies,mathematical_object,1,1,2,0.000261098036109078,0,1260,3,False,True,2,2,0
188,@chapter_96_adapter_universal_phase_coherence_across_scales,Chapter 96 Adapter — Universal Phase Coherence Across Scales,mathematical_object,1,1,2,0.000261098036109078,0,1260,3,False,True,2,2,0
189,@chapter_98_adapter_color_band_superposition_and_perceptual_phase_emergence,Chapter 98 Adapter — Color-Band Superposition and Perceptual Phase Emergence,mathematical_object,1,1,2,0.000261098036109078,0,1260,3,False,True,2,2,0
190,@chapter_99_adapter_cosmic_consciousness_coupling_and_phase_entangled_minds,Chapter 99 Adapter — Cosmic Consciousness Coupling and Phase-Entangled Minds,mathematical_object,1,1,2,0.000261098036109078,0,1260,3,False,True,2,2,0
191,@charge_parameter,Family: `F9_EXACT_SOLUTIONS`,mathematical_object,31,135,166,0.00044638706149953574,0,1260,1,False,True,2,2,0
192,@chart,Family: `F1_DIFFERENTIAL_FOUNDATION`,mathematical_object,11,135,146,0.0002111280957171943,0,1260,1,False,True,2,2,0
193,@chirality,Chirality,mathematical_object,45,156,201,0.0009968311438879446,0,1260,0,True,True,10,10,0
194,@chirality_address,Chirality Address,Address,2,1,3,0.0002380959037185878,0,1260,2,False,True,1,1,0
195,@chirality_and_handedness,Chirality and handedness,mathematical_object,1,1,2,0.000204795272723581,0,1260,2,False,True,2,2,0
196,@chirality_byte,@chirality_byte,mathematical_object,3,2,5,0.00034026254586072053,0,1260,2,False,True,2,2,0
197,@chirality_closure,@chirality_closure,mathematical_object,1,1,2,0.000204795272723581,0,1260,2,False,True,2,2,0
198,@chirality_corridor,Chirality Corridor,TraversalObject,2,6,8,0.00023506329148617833,0,1260,1,False,True,3,3,5
199,@chirality_diagonal_structure,@chirality_diagonal_structure,mathematical_object,1,1,2,0.000204795272723581,0,1260,2,False,True,2,2,0
200,@chirality_history,Chirality History,mathematical_object,3,2,5,0.0006528064671692614,0,1260,2,False,True,3,3,0
201,@chirality_labelled_mote,Chirality-Labelled Mote,mathematical_object,3,3,6,0.000457697914042346,0,1260,2,False,True,2,2,0
202,@chirality_layer_complement,@chirality_layer_complement,mathematical_object,1,1,2,0.000204795272723581,0,1260,2,False,True,2,2,0
203,@chirality_map,Chirality Map,mathematical_object,33,172,205,0.00028290246974635566,0,1260,1,False,True,4,4,0
204,@chirality_mirror_operator,@chirality_mirror_operator,mathematical_object,2,1,3,0.0002885759011590152,0,1260,2,False,True,2,2,0
205,@chirality_occupancy_cube,Chirality Occupancy Cube,mathematical_object,4,3,7,0.00044079584817982917,0,1260,2,False,True,3,3,0
206,@chirality_organization,Chirality Organization,mathematical_object,1,1,2,0.000204795272723581,0,1260,2,False,True,2,2,0
207,@chirality_recursive_occupancy_upgrade,@chirality_recursive_occupancy_upgrade,mathematical_object,2,2,4,0.000321163110185148,0,1260,2,False,True,2,2,0
208,@chirality_representation_registry,@chirality_representation_registry,mathematical_object,1,1,2,0.000204795272723581,0,1260,2,False,True,2,2,0
209,@chirality_seed,@chirality_seed,mathematical_object,2,2,4,0.0002583298527484649,0,1260,2,False,True,2,2,0
210,@chirality_space,Chirality Space,mathematical_object,34,173,207,0.00040719203249769726,0,1260,1,False,True,4,4,0
211,@chirality_transport,Chirality Transport,mathematical_object,36,174,210,0.00048316013768553957,0,1260,1,False,True,4,4,0
212,@chiralitybiasmodel,ChiralityBiasModel,mathematical_object,1,1,2,0.000204795272723581,0,1260,2,False,True,2,2,0
213,@christoffel_symbols,Family: `F3_CONNECTION_MOTION`,mathematical_object,30,134,164,0.00039596113075745,0,1260,1,False,True,2,2,0
214,@chromatic_biological_coupling,Chromatic Biological Coupling,mathematical_object,1,1,2,0.00023727290145689027,23,1,3,False,False,2,2,0
215,@chromatic_charge_of_molecular_clouds,Chromatic Charge of Molecular Clouds,mathematical_object,2,2,4,0.0002702050640408841,0,1260,3,False,True,2,2,0
216,@chromatic_density_perturbation,Chromatic density perturbation,mathematical_object,3,2,5,0.00038950923034152386,0,1260,2,False,True,2,2,0
217,@chromatic_density_waves,Chromatic Density Waves,mathematical_object,3,3,6,0.0005060446437665817,0,1260,2,False,True,2,2,0
218,@chromatic_field,Chromatic Field,mathematical_object,1,1,2,0.00024186778934912506,0,1260,2,False,True,2,2,0
219,@chromatic_fields,Chromatic fields,mathematical_object,1,1,2,0.00024186778934912506,0,1260,2,False,True,2,2,0
220,@chromatic_fields_and_energy_bands,Chromatic Fields and Energy Bands,mathematical_object,1,1,2,0.00024186778934912506,0,1260,2,False,True,2,2,0
221,@chromatic_fields_energy_bands,Chromatic Fields (Energy Bands),mathematical_object,1,1,2,0.00024186778934912506,0,1260,2,False,True,2,2,0
222,@chromatic_lagrangian,Chromatic Lagrangian,mathematical_object,1,1,2,0.00024186778934912506,0,1260,2,False,True,2,2,0
223,@chromatic_modulation_of_wave_amplitudes,Chromatic Modulation of Wave Amplitudes,mathematical_object,1,1,2,0.000261098036109078,0,1260,3,False,True,2,2,0
224,@chromatic_seeds_for_density_perturbations,Chromatic Seeds for Density Perturbations,mathematical_object,2,2,4,0.000357592807189321,0,1260,2,False,True,2,2,0
225,@chromatic_stress_energy,Chromatic stress-energy,mathematical_object,2,2,4,0.00021716557369804552,0,1260,2,False,True,3,3,0
226,@chromatic_stress_energy_output,Chromatic Stress-Energy Output,mathematical_object,1,1,2,0.00020472312235814545,0,1260,2,False,True,2,2,0
227,@chromatic_thermal_contribution,Chromatic thermal contribution,mathematical_object,1,1,2,0.0001945288069456473,0,1260,3,False,True,2,2,0
228,@chromatically_corrected_waveform,Chromatically corrected waveform,mathematical_object,1,1,2,0.000261098036109078,0,1260,3,False,True,2,2,0
229,@chromaticfield,ChromaticField,mathematical_object,1,2,3,0.00024186778934912506,0,1260,2,False,True,2,2,0
230,@chronological_future,Family: `F2_LORENTZIAN_SPACETIME`,mathematical_object,32,133,165,0.0004358715244462204,0,1260,1,False,True,2,2,0
231,@chronological_past,Family: `F2_LORENTZIAN_SPACETIME`,mathematical_object,1,132,133,0.00012048007432082395,0,1260,1,False,True,2,2,0
232,@chronology_condition,Family: `F11_PENROSE_GLOBAL`,mathematical_object,33,132,165,0.00045061280553830964,0,1260,1,False,True,2,2,0
233,@civilizational_phase_field,Civilizational Phase Field,mathematical_object,2,2,4,0.0003903196259263858,0,1260,2,False,True,2,2,0
234,@classical_field_equation,Classical Field Equation,mathematical_object,84,168,252,0.0007382705629484654,0,1260,1,False,True,4,4,0
235,@classical_geometry_from_er_foam,Classical Geometry from ER Foam,mathematical_object,2,2,4,0.0001566184977439279,0,1260,1,False,True,3,3,0
236,@closed_trapped_surface,Family: `F11_PENROSE_GLOBAL`,mathematical_object,414,136,550,0.0026765415295828218,0,1260,1,False,True,2,2,0
237,@closure,@closure,mathematical_object,5,2,7,0.0011600271602085909,0,1260,1,False,True,5,5,0
238,@cmb_signatures_from_phase_and_chromatic_structure,CMB Signatures from Phase and Chromatic Structure,mathematical_object,1,1,2,0.000261098036109078,0,1260,3,False,True,2,2,0
239,@coarse_grained_er_density,Coarse-Grained ER Density,mathematical_object,4,2,6,0.0004373838650698282,0,1260,2,False,True,2,2,0
240,@codazzi_equation,Family: `F6_INITIAL_VALUE_ADM`,mathematical_object,26,147,173,0.0002390169997201574,0,1260,1,False,True,2,2,0
241,@cognitive_and_geometric_manifolds,Cognitive and Geometric Manifolds,mathematical_object,1,1,2,0.00020472312235814545,0,1260,2,False,True,2,2,0
242,@cognitive_coherence_field,Cognitive Coherence Field,mathematical_object,2,3,5,0.0004447206223150293,0,1260,2,False,True,2,2,0
243,@cognitive_persistence,Cognitive Persistence,mathematical_object,1,1,2,0.0001305284527869799,0,1260,1,False,True,2,2,0
244,@cognitive_phase_field_model,Cognitive Phase Field Model,mathematical_object,2,2,4,0.0003903196259263858,0,1260,2,False,True,2,2,0
245,@cognitive_phase_mode,Cognitive Phase Mode,mathematical_object,2,4,6,0.0004213365945078932,0,1260,2,False,True,2,2,0
246,@cognitive_phase_modes,Cognitive Phase Modes,mathematical_object,1,1,2,0.000261098036109078,0,1260,3,False,True,2,2,0
247,@cognitive_stability,Cognitive Stability,mathematical_object,1,1,2,0.00023865035531984898,0,1260,3,False,True,2,2,0
248,@cognitive_state_geometry,Cognitive-State Geometry,mathematical_object,2,162,164,0.0002045737617373793,0,1260,1,False,True,2,2,0
249,@coherence_condition,Coherence Condition,mathematical_object,1,1,2,0.00020218022171456714,0,1260,2,False,True,2,2,0
250,@coherence_criterion,Coherence criterion,mathematical_object,1,0,1,0.00020218022171456714,50,1,3,False,False,2,2,0
251,@coherence_driven_reshaping_of_spectral_space,Coherence-Driven Reshaping of Spectral Space,mathematical_object,1,1,2,0.00023120339317544248,0,1260,3,False,True,2,2,0
252,@coherent_continuation_class,Coherent Continuation Class,mathematical_object,13,153,166,0.0001393046811216165,0,1260,1,False,True,4,4,0
253,@coherent_helicon_propagation,Coherent Helicon Propagation,mathematical_object,65,138,203,0.0005298171620706433,0,1260,1,False,True,4,4,0
254,@collapse,Collapse,mathematical_object,6,4,10,0.0027934841255378446,0,1260,2,False,True,2,2,0
255,@collapse_algebra_and_chirality,Collapse Algebra and Chirality,mathematical_object,1,1,2,0.000204795272723581,0,1260,2,False,True,2,2,0
256,@collapse_field_definition,Collapse Field Definition,mathematical_object,1,1,2,0.00024186778934912506,0,1260,2,False,True,2,2,0
257,@collapse_geometry_descent_into_spectral_wells,Collapse Geometry: Descent into Spectral Wells,mathematical_object,1,1,2,0.00023120339317544248,0,1260,3,False,True,2,2,0
258,@collapse_gradient_flow,Collapse-Gradient Flow,mathematical_object,1,1,2,0.00028070185638968785,0,1260,2,False,True,2,2,0
259,@collapse_manifolds_the_first_true_geometric_surface,Collapse Manifolds: The First True Geometric Surface,mathematical_object,1,1,2,0.00020472312235814545,0,1260,2,False,True,2,2,0
260,@collapse_map,@collapse_map,mathematical_object,1,1,2,0.00020839546898842603,87,1,4,False,False,2,2,0
261,@collapse_operators_and_the_infinity_vector_field,Collapse Operators and the Infinity Vector Field,mathematical_object,1,1,2,0.00024186778934912506,0,1260,2,False,True,2,2,0
262,@collapse_shear_as_corrective_tensor,Collapse Shear as Corrective Tensor,mathematical_object,1,1,2,0.0002352783665592439,0,1260,3,False,True,2,2,0
263,@collapse_wells_and_spectral_gravity,Collapse Wells and Spectral Gravity,mathematical_object,2,2,4,0.00032328031600177066,0,1260,2,False,True,2,2,1
264,@collective_decision_fields_and_phase_driven_social_dynamics,Collective Decision Fields and Phase-Driven Social Dynamics,mathematical_object,2,2,4,0.0003903196259263858,0,1260,2,False,True,2,2,0
265,@collective_ethical_fields_and_civilizational_decision_coherence,Collective Ethical Fields and Civilizational Decision Coherence,mathematical_object,1,1,2,0.00024186778934912506,0,1260,2,False,True,2,2,0
266,@collective_phase_field,Collective Phase Field,mathematical_object,2,2,4,0.0003903196259263858,0,1260,2,False,True,2,2,0
267,@color_band_superposition_and_perceptual_phase_emergence,Color-Band Superposition and Perceptual Phase Emergence,mathematical_object,1,1,2,0.000261098036109078,0,1260,3,False,True,2,2,0
268,@color_indexed_portal,Color Indexed Portal,Portal,1,0,1,0.00023412328489345638,61,1,3,False,False,1,1,0
269,@compatibility_with_phase_fields,Compatibility with Phase Fields,mathematical_object,2,2,4,0.0003903196259263858,0,1260,2,False,True,2,2,0
270,@complex_admissibility,Complex Admissibility,mathematical_object,1,2,3,0.00032437177218670466,70,1,3,False,False,3,3,0
271,@complex_plane,@complex_plane,mathematical_object,1,1,2,0.0002505042029159881,69,1,3,False,False,2,2,0
272,@complex_structure,Family: `F13_QFT_CURVED`,mathematical_object,79,163,242,0.0005965226521444264,0,1260,1,False,True,2,2,0
273,@composite_metric,Composite Metric,mathematical_object,1,1,2,0.00020472312235814545,0,1260,2,False,True,2,2,0
274,@condensed_matter_emergence,Condensed Matter Emergence,mathematical_object,2,2,4,0.000357592807189321,0,1260,2,False,True,2,2,0
275,@conditioned_lock_selector,Conditioned Persistence-Lock Selector,Map,4,5,9,0.0004500819638582419,0,1260,2,False,True,2,2,2
276,@configuration_space,@configuration_space,mathematical_object,1,1,2,0.0001904227744085097,5,2,4,False,False,2,2,0
277,@configuration_space_3_1_1,Configuration Space 3 1 1,mathematical_object,438,8,446,0.003765991164423303,0,1260,1,False,True,4,4,0
278,@conformal_compactification,Family: `F2_LORENTZIAN_SPACETIME`,mathematical_object,417,208,625,0.002705044870538294,0,1260,1,False,True,2,2,0
279,@conformal_rescaling,@conformal_rescaling,mathematical_object,0,48,48,0.00011264619953181728,88,1,1,False,False,2,2,0
280,@conformal_structure,Family: `F2_LORENTZIAN_SPACETIME`,mathematical_object,416,209,625,0.00270311085096405,0,1260,1,False,True,2,2,0
281,@congruence,Family: `F3_CONNECTION_MOTION`,mathematical_object,414,134,548,0.002676293425995857,0,1260,1,False,True,2,2,0
282,@conjugate_point,Family: `F11_PENROSE_GLOBAL`,mathematical_object,417,134,551,0.0027086229552475676,0,1260,1,False,True,2,2,0
283,@connection_and_curvature,Connection and Curvature,mathematical_object,1,1,2,0.00020472312235814545,0,1260,2,False,True,2,2,0
284,@connection_to_formal_curvature_bundle,@connection_to_formal_curvature_bundle,mathematical_object,2,1,3,0.0002725979812980945,0,1260,2,False,True,2,2,0
285,@conscious_coherence,Conscious Coherence,mathematical_object,2,148,150,0.00011400573060839437,0,1260,1,False,True,2,2,0
286,@conscious_experience,Conscious Experience,mathematical_object,419,132,551,0.003102929914817635,0,1260,1,False,True,2,2,0
287,@consciousness,Consciousness,mathematical_object,417,132,549,0.0027466296610027265,0,1260,0,True,True,2,2,0
288,@consciousness_as_a_phase_coherent_cognitive_field,Consciousness as a Phase-Coherent Cognitive Field,mathematical_object,2,2,4,0.0003903196259263858,0,1260,2,False,True,2,2,0
289,@conservation_of_information,Conservation Of Information,mathematical_object,3,3,6,0.0002057785962386166,0,1260,1,False,True,3,3,0
290,@conservation_of_recoverable_structure,@conservation_of_recoverable_structure,mathematical_object,1,0,1,0.0002138963556664069,31,1,2,False,False,2,2,0
291,@consistency_test_general_relativity,Family: `F17_OBSERVABLES`,mathematical_object,54,145,199,0.0006710321578744786,0,1260,1,False,True,2,2,0
292,@constraint_field,Constraint Field,mathematical_object,1,1,2,0.00024186778934912506,0,1260,2,False,True,2,2,0
293,@constraint_fields_agency_and_environmental_coupling,"Constraint Fields, Agency, and Environmental Coupling",mathematical_object,1,1,2,0.00024186778934912506,0,1260,2,False,True,2,2,0
294,@constraint_propagation,Family: `F6_INITIAL_VALUE_ADM`,mathematical_object,21,145,166,0.0003945360068559826,0,1260,1,False,True,2,2,0
295,@containment_volume,Containment Volume,mathematical_object,4,1,5,0.00024987773348092695,0,1260,2,False,True,4,4,0
296,@continuation_operator,Continuation Operator,mathematical_object,32,171,203,0.00028743915673168726,0,1260,1,False,True,4,4,0
297,@continuity_conservation,Continuity Conservation,mathematical_object,2,3,5,0.0004482670574880086,0,1260,2,False,True,4,4,0
298,@continuity_equation_cosmology,Continuity Equation Cosmology,mathematical_object,34,137,171,0.00042320061915541367,0,1260,1,False,True,4,4,0
299,@continuity_perturbation,Continuity Perturbation,mathematical_object,440,132,572,0.0034027845606588226,0,1260,1,False,True,6,6,0
300,@continuity_redistribution,Continuity Redistribution,mathematical_object,16,4,20,0.0008234172705021079,0,1260,1,False,True,4,4,0
301,@contracted_bianchi_identity,Family: `F4_CURVATURE`,mathematical_object,34,138,172,0.0004969600005789436,0,1260,1,False,True,2,2,0
302,@convergence_as_fundamental_flow,Convergence as Fundamental Flow,mathematical_object,1,1,2,0.00028070185638968785,0,1260,2,False,True,2,2,0
303,@convergence_channels_as_upward_currents,Convergence Channels as Upward Currents,mathematical_object,1,1,2,0.00028070185638968785,0,1260,2,False,True,2,2,0
304,@coordinate_singularity,Coordinate Singularity,mathematical_object,9,133,142,0.00020846356476868853,0,1260,1,False,True,4,4,0
305,@core_field_equations_and_er_foam_geometry,Core Field Equations and ER-Foam Geometry,mathematical_object,1,1,2,0.00024186778934912506,0,1260,2,False,True,2,2,0
306,@core_field_lagrangian,Core Field Lagrangian,mathematical_object,1,1,2,0.00024186778934912506,0,1260,2,False,True,2,2,0
307,@core_geometric_object,Core geometric object,mathematical_object,1,1,2,0.00020472312235814545,0,1260,2,False,True,2,2,0
308,@correspondence_registry,@correspondence_registry,mathematical_object,1,2,3,0.00014354596225168894,0,1260,1,False,True,2,2,1
309,@correspondence_to_known_quantum_field_theory,Correspondence to Known Quantum Field Theory,mathematical_object,1,1,2,0.00024186778934912506,0,1260,2,False,True,3,3,0
310,@corridor,@corridor,,1,0,1,0.00012461485821389337,77,1,2,False,False,0,0,0
311,@corridor_transport_operator,Corridor Transport Operator,Operator,1,1,2,0.00028070185638968785,0,1260,2,False,True,1,1,1
312,@cosmic_arrow_of_time_and_phase_cohesion,Cosmic Arrow of Time and Phase Cohesion,mathematical_object,1,1,2,0.000261098036109078,0,1260,3,False,True,2,2,0
313,@cosmic_censorship,Family: `F10_BLACK_HOLE_GEOMETRY`,mathematical_object,58,132,190,0.0008301174718300673,0,1260,1,False,True,2,2,0
314,@cosmic_consciousness_coupling_and_phase_entangled_minds,Cosmic Consciousness Coupling and Phase-Entangled Minds,mathematical_object,1,1,2,0.000261098036109078,0,1260,3,False,True,2,2,0
315,@cosmic_engineering_and_mega_scale_phase_structures,Cosmic Engineering and Mega-Scale Phase Structures,mathematical_object,1,1,2,0.000261098036109078,0,1260,3,False,True,2,2,0
316,@cosmic_memory_crystallization,Cosmic Memory Crystallization,mathematical_object,1,1,2,0.0002412249697277539,0,1260,3,False,True,2,2,0
317,@cosmological_closure,Cosmological Closure,mathematical_object,1,1,2,0.00011504690334011943,0,1260,1,False,True,2,2,0
318,@cosmological_constant,Family: `F5_VARIATIONAL_FIELD_EQUATIONS`,mathematical_object,415,280,695,0.0028139491583154676,0,1260,1,False,True,2,2,0
319,@cosmological_horizon,Family: `F18_COSMOLOGY`,mathematical_object,5,134,139,0.00018365309036804794,0,1260,1,False,True,2,2,0
320,@cosmological_principle,Family: `F18_COSMOLOGY`,mathematical_object,3,132,135,0.0001798174275790693,0,1260,1,False,True,2,2,0
321,@cosmological_structure,Cosmological Structure,mathematical_object,1,2,3,0.00011656337839729786,0,1260,2,False,True,2,2,0
322,@cosmology,Family: `F18_COSMOLOGY`,mathematical_object,418,145,563,0.0030505020759672738,0,1260,0,True,True,2,2,6
323,@cosmology_and_dark_energy,Cosmology and Dark Energy,mathematical_object,2,132,134,0.00015399009161095833,0,1260,1,False,True,3,3,0
324,@cotangent_bundle,Family: `F1_DIFFERENTIAL_FOUNDATION`,mathematical_object,16,138,154,0.00023300170360660472,0,1260,1,False,True,2,2,0
325,@cotangent_space,Cotangent Space,mathematical_object,16,138,154,0.00023300170360660472,0,1260,1,False,True,3,3,0
326,@coupled_phase_equation,Coupled phase equation,mathematical_object,1,1,2,0.000261098036109078,0,1260,3,False,True,2,2,0
327,@covariant_derivative,Family: `F3_CONNECTION_MOTION`,mathematical_object,414,136,550,0.0026765415295828218,0,1260,1,False,True,2,2,0
328,@covector_field,Covector Field,mathematical_object,13,135,148,0.00035527222374363463,0,1260,1,False,True,3,3,0
329,@crd_state,Frozen CRD State,state,0,1,1,0.00011264619953181728,89,1,2,False,False,1,1,0
330,@creation_operator,@creation_operator,mathematical_object,2,0,2,0.0001473473192146221,33,1,1,False,False,2,2,0
331,@critical_compression,Critical Compression,mathematical_object,416,3,419,0.003020309827795731,0,1260,1,False,True,2,2,0
332,@critical_density_condition,Critical-density condition,mathematical_object,2,2,4,0.000357592807189321,0,1260,2,False,True,2,2,0
333,@cross_polarization,Family: `F8_LINEARIZED_GRAVITY_WAVES`,mathematical_object,43,135,178,0.0009013737441963351,0,1260,1,False,True,2,2,0
334,@cross_shell_interaction_terms,Cross-Shell Interaction Terms,mathematical_object,1,1,2,0.00024186778934912506,0,1260,2,False,True,2,2,0
335,@cultural_er_networks_and_information_flow_geometry,Cultural ER Networks and Information Flow Geometry,mathematical_object,1,1,2,0.00028070185638968785,0,1260,2,False,True,2,2,0
336,@current_dependency_closure,Current dependency closure,mathematical_object,1,1,2,0.00028070185638968785,0,1260,2,False,True,2,2,0
337,@current_detectors,Current Detectors,mathematical_object,1,1,2,0.00028070185638968785,0,1260,2,False,True,2,2,0
338,@current_unresolved_mathematical_closure,Current unresolved mathematical closure,mathematical_object,1,1,2,0.00028070185638968785,0,1260,2,False,True,2,2,0
339,@curvature,Curvature,mathematical_object,2,46,48,0.00023752466900661768,0,1260,1,False,True,3,3,0
340,@curvature_binding,@curvature_binding,mathematical_object,50,140,190,0.00030630514094829203,0,1260,1,False,True,2,2,0
341,@curvature_binding_condition,Curvature Binding Condition,mathematical_object,2,147,149,0.00021101315232029965,0,1260,1,False,True,2,2,0
342,@curvature_singularity,Curvature Singularity,mathematical_object,3,134,137,0.00023888677126660047,0,1260,1,False,True,4,4,0
343,@curvature_two_form,Family: `F4_CURVATURE`,mathematical_object,31,135,166,0.00048760628862314054,0,1260,1,False,True,2,2,0
344,@dark_bridge_topologies,Dark Bridge Topologies,mathematical_object,1,1,2,0.000204795272723581,0,1260,2,False,True,3,3,0
345,@dark_matter_as_load_bearing_geometry,Dark-Matter-as-Load-Bearing-Geometry,mathematical_object,1,1,2,0.0002290140369933843,0,1260,2,False,True,3,3,0
346,@dark_matter_bridges_and_transport,Dark Matter Bridges and Transport,mathematical_object,2,2,4,0.0003970696938512549,0,1260,2,False,True,3,3,0
347,@dark_matter_formalization,Dark Matter Formalization,mathematical_object,1,1,2,0.0002290140369933843,0,1260,2,False,True,3,3,0
348,@dark_matter_geometry,Dark-Matter Geometry,mathematical_object,2,2,4,0.00023295355453309063,0,1260,2,False,True,3,3,0
349,@de_sitter_spacetime,De Sitter Spacetime,mathematical_object,3,132,135,0.0001633966603798605,0,1260,1,False,True,4,4,0
350,@decision_phase_potential,Decision Phase Potential,mathematical_object,1,1,2,0.000261098036109078,0,1260,3,False,True,2,2,0
351,@definition_13_1_chirality,Definition 13.1 — Chirality,mathematical_object,1,1,2,0.000204795272723581,0,1260,2,False,True,2,2,0
352,@definition_14_2_mote_vacuum,Definition 14.2 — Mote Vacuum,mathematical_object,1,1,2,0.00024186778934912506,0,1260,2,False,True,2,2,0
353,@definition_2_1_phase_field,Definition 2.1 — Phase Field,mathematical_object,2,2,4,0.0003903196259263858,0,1260,2,False,True,2,2,0
354,@definition_2_2_chromatic_field,Definition 2.2 — Chromatic Field,mathematical_object,1,1,2,0.00024186778934912506,0,1260,2,False,True,2,2,0
355,@definition_5_1_phase_metric_contribution,Definition 5.1 — Phase Metric Contribution,mathematical_object,2,2,4,0.00035317495893540617,0,1260,2,False,True,2,2,0
356,@definition_5_2_composite_metric,Definition 5.2 — Composite Metric,mathematical_object,1,1,2,0.00020472312235814545,0,1260,2,False,True,2,2,0
357,@density_matrix,Family: `F15_INFORMATION`,mathematical_object,11,156,167,0.00041130284105573114,0,1260,1,False,True,2,2,0
358,@density_operators_and_sectors,Density operators and sectors,mathematical_object,2,2,4,0.000357592807189321,0,1260,2,False,True,2,2,0
359,@dependency_closure,Dependency Closure,mathematical_object,1,1,2,0.00035176703717482735,75,1,6,False,False,2,2,0
360,@dependency_composition,Dependency Composition,mathematical_object,2,1,3,0.0006338329720433017,1,14,5,False,False,2,2,0
361,@dependency_graph,Dependency graph,mathematical_object,14,15,29,0.004219762419107019,1,14,5,False,False,4,4,0
362,@dependency_landscape,Dependency Landscape,mathematical_object,1,0,1,0.00035176703717482735,76,1,6,False,False,4,4,0
363,@dependency_preserving_map,Dependency-Preserving Map,mathematical_object,1,1,2,0.00035176703717482735,1,14,6,False,False,2,2,0
364,@dependency_subgraph,Dependency Subgraph,mathematical_object,1,1,2,0.00035176703717482735,1,14,6,False,False,2,2,0
365,@detector_observable,@detector_observable,mathematical_object,1,0,1,0.0001736532328654637,41,1,2,False,False,2,2,0
366,@diffeomorphism,Family: `F1_DIFFERENTIAL_FOUNDATION`,mathematical_object,9,133,142,0.000208463583671012,0,1260,1,False,True,2,2,0
367,@diffeomorphism_invariance,Diffeomorphism Invariance,mathematical_object,416,146,562,0.0028158727371101803,0,1260,1,False,True,4,4,0
368,@differential_form,Family: `F1_DIFFERENTIAL_FOUNDATION`,mathematical_object,17,137,154,0.0002475750466474552,0,1260,1,False,True,2,2,0
369,@differential_geometry,Differential Geometry,mathematical_object,416,210,626,0.00275983277456542,0,1260,1,False,True,3,3,0
370,@differential_geometry_and_metrics,Differential geometry and metrics,mathematical_object,1,1,2,0.00020472312235814545,0,1260,2,False,True,2,2,0
371,@dimensionality_audit,@dimensionality_audit,mathematical_object,1,0,1,0.0005127827592491934,56,1,2,False,False,2,2,6
372,@distinction,@distinction,mathematical_object,1,1,2,0.00016052083426012164,72,1,3,False,False,2,2,0
373,@distributed_field_computation,Distributed Field Computation,mathematical_object,1,1,2,0.00024186778934912506,0,1260,2,False,True,2,2,0
374,@divergence_field,Divergence Field,mathematical_object,1,1,2,0.00024186778934912506,0,1260,2,False,True,2,2,0
375,@dm_chirality_byte_basin_probe_family,Chirality-Byte / Basin Finite Probe Family,qmo_derived_mathematical_object,2,3,5,0.0002891741958437501,0,1260,2,False,True,2,2,0
376,@dm_chirality_seed_byte_probe_basis,Recovered Chirality Seed / Byte Probe Basis,qmo_derived_mathematical_object,3,5,8,0.0003149092800710605,0,1260,2,False,True,2,2,0
377,@dm_chirality_seed_contrast_normal_form,Chirality-Seed Mirror Contrast Normal Form,qmo_derived_mathematical_object,2,3,5,0.00021372874653539464,0,1260,3,False,True,2,2,0
378,@dm_chirality_seed_timeshell_gravity_fiber_test,Canonical Chirality-Seed Time-Shell Gravity Fiber Test,qmo_derived_mathematical_object,0,5,5,0.00011264619953181728,90,1,2,False,False,2,2,0
379,@dm_chromatic_optional_branch,Optional Chromatic/Basin Representation Branch,mathematical_object,1,1,2,0.00023722498519995232,0,1260,3,False,True,1,1,0
380,@dm_conditional_action_dark_readout_witness,Conditional Action-Lane Dark Readout Witness,qmo_derived_mathematical_object,1,2,3,0.00013658351689596946,93,1,3,False,False,2,2,0
381,@dm_conditional_boundary_residue_seed,Conditional Hidden Boundary/Residue Seed,qmo_derived_mathematical_object,3,4,7,0.00020600173732767259,94,1,2,False,False,2,2,0
382,@dm_conditional_dark_readout_witness,Conditional Dark-Readout Factorization Witness,qmo_derived_mathematical_object,0,3,3,0.00011264619953181728,95,1,3,False,False,2,2,0
383,@dm_conditional_direct_timeshell_dark_readout_witness,Conditional Direct Time-Shell Dark-Readout Witness,qmo_derived_mathematical_object,1,3,4,0.00014188568933403843,6,2,2,False,False,2,2,0
384,@dm_conditional_event_density_source_separation,Conditional Event-Level Density / UCM Source Separation,qmo_derived_mathematical_object,1,5,6,0.0001357183126752395,7,2,2,False,False,2,2,0
385,@dm_conditional_q_handoff_distinction,Conditional Projection-Residue/Q Handoff Distinction,qmo_derived_mathematical_object,2,3,5,0.00016052083426012164,101,1,2,False,False,2,2,0
386,@dm_conditional_qualification_witness,Conditional Dark-Matter Qualification Witness,qmo_derived_mathematical_object,0,4,4,0.00011264619953181728,102,1,2,False,False,2,2,0
387,@dm_conditional_response_trace_residue_survival,Conditional Hidden Response-Trace Residue Survival,qmo_derived_mathematical_object,1,4,5,0.00015382411639626608,8,2,2,False,False,2,2,0
388,@dm_conditional_scalar_stress_active_witness,Conditional Scalar-Proxy Stress-Active Witness,qmo_derived_mathematical_object,1,5,6,0.00017069419419663267,92,1,2,False,False,2,2,0
389,@dm_conditional_ucm_dynamic_event_witness,Conditional UCM Dynamic-Event Separation Witness,qmo_derived_mathematical_object,1,5,6,0.0001357183126752395,7,2,2,False,False,2,2,0
390,@dm_conditional_ucm_qualification_witness,Conditional UCM-Native Dark-Matter Qualification Witness,qmo_derived_mathematical_object,0,4,4,0.00011264619953181728,107,1,2,False,False,2,2,0
391,@dm_conditional_ucm_stress_energy_witness,Conditional UCM Hidden Stress-Energy Witness,qmo_derived_mathematical_object,1,5,6,0.00013658351689596946,106,1,2,False,False,2,2,0
392,@dm_constraint_preserving_embedding_family,Constraint-Preserving Hidden-State Embedding Family,mathematical_object,1,74,75,0.00014175220773658407,0,1260,1,False,True,2,2,0
393,@dm_continuity_laplacian,Selected Continuity Graph Laplacian,mathematical_object,5,6,11,0.00018872318404911928,0,1260,2,False,True,2,2,0
394,@dm_covariant_hidden_action_family,Covariant Hidden-Sector Action Family,mathematical_object,5,37,42,0.0004255005716542993,0,1260,1,False,True,2,2,0
395,@dm_dark_matter_qualification_locus,Dark-Matter Qualification Locus,mathematical_object,6,91,97,0.0005373266851884293,0,1260,1,False,True,2,2,0
396,@dm_dark_matter_qualification_nonempty,Dark-Matter Qualification Nonemptiness,mathematical_object,2,1,3,0.00022754532287974776,108,1,2,False,False,1,1,0
397,@dm_dark_readout_defect,Dark Readout Factorization Defect,mathematical_object,8,3,11,0.00039661946908017533,0,1260,2,False,True,2,2,0
398,@dm_density_profile_readout_factorization_gate,Resolution-Profile Readout Factorization Gate,qmo_derived_mathematical_object,0,4,4,0.00011264619953181728,109,1,1,False,False,2,2,0
399,@dm_direct_cycle_gravity_no_go,Direct Cycle-Gravity Kernel No-Go,mathematical_object,0,1,1,0.00011264619953181728,110,1,2,False,False,1,1,0
400,@dm_energy_gravity_consistency_filter,Energy-Gravity Consistency Filter,mathematical_object,2,31,33,0.00020974210771879337,0,1260,1,False,True,2,2,0
401,@dm_er_branch_readout_separation,ER-Foam Matter/Gravity Branch Readout Separation,mathematical_object,4,43,47,0.0002612890890773783,0,1260,1,False,True,2,2,0
402,@dm_explicit_two_port_continuity_residual_witness,Explicit Two-Port Hidden Continuity Residual Witness,qmo_derived_mathematical_object,3,3,6,0.00022159202012576564,0,1260,2,False,True,2,2,0
403,@dm_formal_persistence_qualification,Hidden-State Formal Persistence Qualification,mathematical_object,5,68,73,0.00012712933368483475,0,1260,1,False,True,2,2,0
404,@dm_hidden_boundary_contact,Hidden Persistent-Boundary Contact Set,mathematical_object,4,70,74,0.00016732586049425548,0,1260,1,False,True,2,2,0
405,@dm_hidden_boundary_response_form,Hidden Boundary-Response Form,mathematical_object,0,8,8,0.00011264619953181728,111,1,2,False,False,2,2,0
406,@dm_hidden_persistent_subset,Hidden Persistent Subset,mathematical_object,4,69,73,0.00012558230528423136,0,1260,1,False,True,2,2,0
407,@dm_hidden_relational_load,Hidden Relational-Capacity Load,mathematical_object,3,71,74,0.0002349195216918171,0,1260,1,False,True,2,2,0
408,@dm_hidden_response_operator,Hidden S3 to S2 Response Operator,mathematical_object,6,8,14,0.0003749643206390386,0,1260,2,False,True,2,2,0
409,@dm_hidden_s3_network,Hidden S3 Multi-Port Continuity Network,mathematical_object,11,70,81,0.0006794941024011761,0,1260,1,False,True,2,2,0
410,@dm_hidden_sector_conservation,Hidden-Sector Conservation / Exchange Law,mathematical_object,2,33,35,0.0001232525071287139,0,1260,1,False,True,2,2,0
411,@dm_hidden_state_bundle,Hidden S3 Relational-State Bundle,mathematical_object,2,73,75,0.00014338044255420414,0,1260,1,False,True,2,2,0
412,@dm_hidden_state_embedding,Hidden S3 State Embedding into Inherited State Bundle,mathematical_object,7,4,11,0.00013696945019422047,0,1260,2,False,True,2,2,0
413,@dm_history_support_preorder,History-Support Preorder,mathematical_object,0,51,51,0.00011264619953181728,113,1,1,False,False,2,2,0
414,@dm_history_to_continuity_strength,History Support to Continuity-Strength Transduction,mathematical_object,1,1,2,0.00011452363618782921,112,1,2,False,False,1,1,0
415,@dm_joint_hidden_network_witness,Joint Hidden-Network Load/Response Witness,qmo_derived_mathematical_object,6,3,9,0.00040065270521472986,0,1260,2,False,True,2,2,0
416,@dm_live_qualification_cut,Live Qualification Critical-Cut Object,mathematical_object,0,1,1,0.00011264619953181728,114,1,3,False,False,1,1,0
417,@dm_local_capacity_envelope,Local Constitutive Capacity Envelope,mathematical_object,7,1,8,0.00014078138969808785,0,1260,2,False,True,2,2,0
418,@dm_local_continuity_response_coefficient,Local Continuity Response Coefficient,mathematical_object,6,3,9,0.000309548489463536,0,1260,2,False,True,2,2,0
419,@dm_metric_action_selection,Metric-Coupled Hidden Action Selection,mathematical_object,6,5,11,0.00035595233952085754,0,1260,2,False,True,2,2,0
420,@dm_metric_active_representation_witness,Metric-Active Hidden Representation Witness,mathematical_object,0,4,4,0.00011264619953181728,115,1,2,False,False,1,1,0
421,@dm_mode0_access_interface,Mode-0 / White-State Access Interface,mathematical_object,1,2,3,0.00013986104067207697,0,1260,2,False,True,2,2,0
422,@dm_mode0_network_selection_rule,Mode-0 Hidden-Network Selection Rule,mathematical_object,1,1,2,0.00017208714128324652,0,1260,2,False,True,1,1,0
423,@dm_native_density_to_readable_source,Native Density Profile to Readable Source,mathematical_object,9,2,11,0.0005275027012210799,0,1260,2,False,True,2,2,0
424,@dm_native_hidden_witness,Native Hidden-Network Witness,mathematical_object,1,77,78,0.00022616446666279703,0,1260,1,False,True,2,2,0
425,@dm_omega_to_chromatic_representation,Chirality-Space to Chromatic/Basin Representation,mathematical_object,2,1,3,0.00014656327718206305,0,1260,2,False,True,1,1,0
426,@dm_one_port_no_go,Free One-Port Hidden Appendage No-Go,mathematical_object,1,1,2,0.00011766518489246515,0,1260,2,False,True,1,1,0
427,@dm_port_response_trace_invariant,Hidden Port-Response Trace Invariant,qmo_derived_mathematical_object,1,4,5,0.0001453338242678781,105,1,2,False,False,2,2,0
428,@dm_projection_residue_survival,Projection-Residue Survival Test,mathematical_object,6,73,79,0.0002701239088371021,0,1260,1,False,True,2,2,0
429,@dm_projection_symmetry_response_action,@dm_projection_symmetry_response_action,mathematical_object,1,0,1,0.00014352963718015387,103,1,3,False,False,1,1,0
430,@dm_q_completion_family,Residue-Bundle Q-Completion Family,mathematical_object,6,2,8,0.0002558073480768634,0,1260,2,False,True,2,2,0
431,@dm_q_survival,Q-Handoff Survival Theorem,mathematical_object,4,76,80,0.00024499073534857646,0,1260,1,False,True,2,2,0
432,@dm_resolution_density_profile,Resolution-Level Hidden Density Profile,mathematical_object,7,76,83,0.0005595777117249439,0,1260,1,False,True,2,2,0
433,@dm_response_spectrum_residue_discriminator,Hidden Port-Response Spectrum Residue Discriminator,qmo_derived_mathematical_object,1,3,4,0.00014352963718015387,104,1,2,False,False,2,2,0
434,@dm_response_trace_q_handoff_witness,Hidden Response-Trace Q-Handoff Survival Witness,qmo_derived_mathematical_object,1,3,4,0.0001453338242678781,8,2,2,False,False,2,2,0
435,@dm_runtime_transition_capacity,Runtime Transition Capacity,mathematical_object,8,68,76,0.0002604455721167404,0,1260,1,False,True,2,2,0
436,@dm_source_backfilled_master_map,Source-Backfilled Dark Matter Master Map,qmo_derived_mathematical_object,0,1,1,0.00011264619953181728,118,1,4,False,False,2,2,0
437,@dm_source_density_geometry_calibration,Source Density-to-Geometry Calibration Witness,qmo_derived_mathematical_object,1,4,5,0.00013179605342313904,119,1,1,False,False,2,2,0
438,@dm_source_er_effective_model_closure,Source-Effective ER Dark Matter Model Closure,qmo_derived_mathematical_object,0,5,5,0.00011264619953181728,121,1,2,False,False,2,2,0
439,@dm_source_er_gravitational_readout_chain,Source ER Gravitational Readout Chain,qmo_derived_mathematical_object,1,5,6,0.00013179605342313904,120,1,2,False,False,2,2,0
440,@dm_stress_active_action_fiber,Stress-Active Covariant Hidden Action Fiber,qmo_derived_mathematical_object,2,3,5,0.0002374134820142661,91,1,2,False,False,2,2,0
441,@dm_stress_active_action_fiber_nonempty,Stress-Active Covariant Hidden Action Nonemptiness,mathematical_object,0,1,1,0.00011264619953181728,122,1,3,False,False,1,1,0
442,@dm_stress_energy_realization_family,Hidden Stress-Energy Realization Family,mathematical_object,6,32,38,0.0003097085864959073,0,1260,1,False,True,2,2,0
443,@dm_stress_energy_separation_gate,Stress-Energy Separation Gate,mathematical_object,2,36,38,0.0002366395455103484,0,1260,1,False,True,2,2,0
444,@dm_two_port_timeshell_gravity_fiber_test,Two-Port Time-Shell Gravity Fiber Test,qmo_derived_mathematical_object,2,5,7,0.00017199699871275092,6,2,2,False,False,2,2,0
445,@dm_ucm_dynamic_event_survival,@dm_ucm_dynamic_event_survival,mathematical_object,2,0,2,0.0001627126850707622,97,1,3,False,False,1,1,0
446,@dm_ucm_event_source_fiber_separation,@dm_ucm_event_source_fiber_separation,mathematical_object,2,0,2,0.0001627126850707622,96,1,3,False,False,1,1,0
447,@dm_ucm_event_to_source_nonannihilation,UCM Event-to-Readable-Source Nonannihilation Gate,qmo_derived_mathematical_object,2,2,4,0.0001628597697932661,99,1,2,False,False,2,2,0
448,@dm_ucm_source_domain_distinction,Hidden-Network UCM Source-Domain Distinction,qmo_derived_mathematical_object,3,3,6,0.00023207517196738235,98,1,2,False,False,2,2,0
449,@dm_ucm_topology_source_scope_inclusion,UCM Topology-Bearing Source-Scope Inclusion,qmo_derived_mathematical_object,0,3,3,0.00011264619953181728,123,1,2,False,False,2,2,0
450,@dm_ucm_two_gate_factorization,UCM Dynamic-Event / Readable-Source Two-Gate Factorization,qmo_derived_mathematical_object,2,5,7,0.0001587904258186617,100,1,3,False,False,2,2,0
451,@dm_xapi_density_readout_factorization,Native-Density Readout Factorization,qmo_derived_mathematical_object,0,3,3,0.00011264619953181728,124,1,2,False,False,2,2,0
452,@dm_xapi_energy_density_stress_corridor,Dark-Matter Resolution Density -> Stress-Energy Cross-API Corridor,qmo_derived_mathematical_object,2,3,5,0.0003379761475311346,116,1,2,False,False,2,2,0
453,@dm_xapi_master_dependency_map,Dark Matter / API 4.3 Master Dependency Map,qmo_derived_mathematical_object,2,1,3,0.00022754532287974776,117,1,3,False,False,2,2,0
454,@domain_of_dependence,Family: `F2_LORENTZIAN_SPACETIME`,mathematical_object,416,135,551,0.0026971224817787065,0,1260,1,False,True,2,2,0
455,@dominant_energy_condition,Dominant Energy Condition,mathematical_object,6,133,139,0.00032312145764733767,0,1260,1,False,True,4,4,0
456,@dot_notation,Dot Notation Evolution Grammar,Language,2,4,6,0.00024157296042030804,0,1260,2,False,True,2,2,0
457,@dynamical_horizon,Family: `F10_BLACK_HOLE_GEOMETRY`,mathematical_object,40,136,176,0.0004936877923024114,0,1260,1,False,True,2,2,0
458,@economic_phase_fields_and_resource_flow_geometry,Economic Phase Fields and Resource Flow Geometry,mathematical_object,3,3,6,0.0005583752827842564,0,1260,2,False,True,2,2,0
459,@economic_phase_potential,Economic Phase Potential,mathematical_object,1,1,2,0.000261098036109078,0,1260,3,False,True,2,2,0
460,@eddington_finkelstein_coordinates,Family: `F9_EXACT_SOLUTIONS`,mathematical_object,4,132,136,0.00018151524440865457,0,1260,1,False,True,2,2,0
461,@effective_contribution_to_geometry,Effective contribution to geometry,mathematical_object,1,1,2,0.00012256150530633305,0,1260,2,False,True,3,3,0
462,@effective_fluid_mapping,Effective Fluid Mapping,mathematical_object,1,1,2,0.0002352783665592439,0,1260,3,False,True,2,2,0
463,@effective_lensing_metric,Effective lensing metric,mathematical_object,1,1,2,0.00020472312235814545,0,1260,2,False,True,2,2,0
464,@effective_masslessness,@effective_masslessness,mathematical_object,3,1,4,0.00078258086279869,0,1260,2,False,True,2,2,0
465,@effective_potential,Family: `F16_PERTURBATIONS_STABILITY`,mathematical_object,419,135,554,0.002717416527786566,0,1260,1,False,True,2,2,0
466,@egress_curvature_binds,Egress: Curvature Binds,mathematical_object,1,1,2,0.00020472312235814545,0,1260,2,False,True,2,2,0
467,@egress_flow_accepts_the_team,Egress: Flow Accepts the Team,mathematical_object,1,1,2,0.00028070185638968785,0,1260,2,False,True,2,2,0
468,@egress_the_door_to_deeper_resonance_opens,Egress: The Door to Deeper Resonance Opens,mathematical_object,1,1,2,0.000261098036109078,0,1260,3,False,True,2,2,0
469,@einstein_field_equation,Einstein Field Equation,mathematical_object,444,297,741,0.0032867658898100955,0,1260,1,False,True,6,6,0
470,@einstein_field_relation,Einstein Field Relation,mathematical_object,2,2,4,0.00033394471217545324,0,1260,2,False,True,2,2,0
471,@einstein_hilbert_action,Einstein Hilbert Action,mathematical_object,437,282,719,0.003019384993101347,0,1260,1,False,True,4,4,0
472,@einstein_limit,Einstein Limit,mathematical_object,2,1,3,0.0005284995710634259,0,1260,2,False,True,3,3,0
473,@einstein_tensor,Einstein Tensor,mathematical_object,439,278,717,0.0032428882928510856,0,1260,1,False,True,4,4,0
474,@emergent_electromagnetism_and_fields,Emergent Electromagnetism and Fields,mathematical_object,2,2,4,0.0002935494646087368,0,1260,2,False,True,2,2,0
475,@energy_bands_as_geometric_density,Energy Bands as Geometric Density,mathematical_object,3,3,6,0.00044966973001564915,0,1260,2,False,True,2,2,0
476,@energy_condition,Energy Condition,mathematical_object,415,141,556,0.0028055784426650895,0,1260,1,False,True,4,4,0
477,@energy_density,Energy Density,mathematical_object,22,4,26,0.0012494757353964311,0,1260,1,False,True,4,4,0
478,@energy_transport_efficiency,Energy Transport Efficiency,mathematical_object,1,1,2,0.00028070185638968785,0,1260,2,False,True,2,2,0
479,@entanglement_and_curvature,Entanglement and Curvature,mathematical_object,1,1,2,0.00020472312235814545,0,1260,2,False,True,2,2,0
480,@entanglement_curvature_ansatz,Entanglement-curvature ansatz,mathematical_object,1,1,2,0.00020472312235814545,0,1260,2,False,True,2,2,0
481,@entanglement_entropy,Family: `F15_INFORMATION`,mathematical_object,7,152,159,0.00033677804689936095,0,1260,1,False,True,2,2,0
482,@entropic_curvature_and_er_structure,Entropic Curvature and ER Structure,mathematical_object,1,1,2,0.00020472312235814545,0,1260,2,False,True,2,2,0
483,@entropy_and_information_across_the_bounce,Entropy and Information Across the Bounce,mathematical_object,1,1,2,0.0001945288069456473,0,1260,3,False,True,2,2,0
484,@entropy_as_a_phase_gradient_flow,Entropy as a Phase-Gradient Flow,mathematical_object,3,3,6,0.0005110363003807787,0,1260,2,False,True,2,2,0
485,@entropy_current,Entropy Current,mathematical_object,2,2,4,0.00036258446380351794,0,1260,2,False,True,2,2,0
486,@entropy_currents_on_the_time_phase_shell,Entropy Currents on the Time-Phase Shell,mathematical_object,3,3,6,0.0005110363003807787,0,1260,2,False,True,2,2,0
487,@entropy_production,Entropy production,mathematical_object,1,1,2,0.0001945288069456473,0,1260,3,False,True,2,2,0
488,@environment,Environment,mathematical_object,2,3,5,0.0003300168896247733,0,1260,2,False,True,4,4,0
489,@environment_address_space,Environment Address Space,StateSpace,2,5,7,0.0002478961961415702,0,1260,1,False,True,2,2,0
490,@epoch_transitions_driven_by_phase_thermodynamics,Epoch Transitions Driven by Phase Thermodynamics,mathematical_object,2,2,4,0.00034298064352290803,0,1260,3,False,True,2,2,0
491,@equation_of_state,Family: `F18_COSMOLOGY`,mathematical_object,34,137,171,0.00042320061915541367,0,1260,1,False,True,2,2,0
492,@equilibrium_conditions,Equilibrium Conditions,mathematical_object,1,1,2,0.0001945288069456473,0,1260,3,False,True,2,2,0
493,@equilibrium_fluctuations_and_phase_stability_bands,"Equilibrium, Fluctuations, and Phase-Stability Bands",mathematical_object,2,2,4,0.00034298064352290803,0,1260,3,False,True,2,2,0
494,@er_bridges_and_dark_matter_geometry,ER Bridges and Dark Matter Geometry,mathematical_object,1,1,2,0.0002290140369933843,0,1260,2,False,True,3,3,0
495,@er_contribution_to_geometry,ER Contribution to Geometry,mathematical_object,2,1,3,0.00015376488246157454,0,1260,2,False,True,3,3,0
496,@er_foam,ER Foam,mathematical_object,59,156,215,0.0009980804178752764,0,1260,1,False,True,6,6,0
497,@er_foam_geodesic_structure,ER-Foam Geodesic Structure,mathematical_object,1,1,2,0.00020472312235814545,0,1260,2,False,True,2,2,0
498,@er_graph_distance_to_effective_metric,ER graph distance to effective metric,mathematical_object,1,1,2,0.00020472312235814545,0,1260,2,False,True,2,2,0
499,@er_metric_contribution,ER metric contribution,mathematical_object,1,1,2,0.00020472312235814545,0,1260,2,False,True,2,2,0
500,@er_modified_mass_profiles,ER-Modified Mass Profiles,mathematical_object,2,1,3,0.00026093046014558725,0,1260,2,False,True,2,2,0
501,@er_network,ER network,mathematical_object,6,4,10,0.0009900132006767466,0,1260,2,False,True,4,4,0
502,@er_network_reconfiguration,ER-Network Reconfiguration,mathematical_object,2,2,4,0.0012282807947439885,0,1260,2,False,True,2,2,0
503,@er_network_scaling_in_the_cosmic_web,ER-Network Scaling in the Cosmic Web,mathematical_object,1,0,1,0.00016052083426012164,125,1,4,False,False,2,2,0
504,@er_networks_as_quantum_circuits,ER Networks as Quantum Circuits,mathematical_object,1,1,2,0.00024186778934912506,0,1260,2,False,True,2,2,0
505,@er_stabilized_energy_conduits_and_micro_wormhole_transport,ER-Stabilized Energy Conduits and Micro-Wormhole Transport,mathematical_object,1,1,2,0.00028070185638968785,0,1260,2,False,True,2,2,0
506,@er_thermal_variance,ER thermal variance,mathematical_object,1,1,2,0.0001945288069456473,0,1260,3,False,True,2,2,0
507,@er_throat_incidence,ER Throat Incidence,mathematical_object,2,2,4,0.000347529760495887,0,1260,3,False,True,2,2,0
508,@ergoregion,Family: `F10_BLACK_HOLE_GEOMETRY`,mathematical_object,414,165,579,0.002679466601311214,0,1260,1,False,True,2,2,0
509,@ergosphere,Family: `F10_BLACK_HOLE_GEOMETRY`,mathematical_object,414,165,579,0.002679466601311214,0,1260,1,False,True,2,2,0
510,@ernetwork,ERNetwork,mathematical_object,1,132,133,0.0001388159827546282,0,1260,1,False,True,4,4,0
511,@ethical_gradient_flow,Ethical Gradient Flow,mathematical_object,1,1,2,0.00028070185638968785,0,1260,2,False,True,2,2,0
512,@ethical_optimization_and_phase_informed_governance,Ethical Optimization and Phase-Informed Governance,mathematical_object,1,1,2,0.000261098036109078,0,1260,3,False,True,2,2,0
513,@ethical_phase_gradients_and_moral_field_dynamics,Ethical Phase Gradients and Moral Field Dynamics,mathematical_object,2,2,4,0.0003903196259263858,0,1260,2,False,True,2,2,0
514,@euclidean_periodicity,Family: `F14_HAWKING_THERMODYNAMICS`,mathematical_object,51,146,197,0.0007058890287003856,0,1260,1,False,True,2,2,0
515,@evaporation,@evaporation,mathematical_object,1,0,1,0.0005221190847985615,68,1,2,False,False,2,2,0
516,@evaporation_time,Evaporation Time,mathematical_object,62,147,209,0.0007452768420641418,0,1260,1,False,True,3,3,0
517,@event_horizon,Family: `F10_BLACK_HOLE_GEOMETRY`,mathematical_object,422,168,590,0.003543314689393109,0,1260,1,False,True,2,2,0
518,@event_horizon_cosmology,Family: `F18_COSMOLOGY`,mathematical_object,35,133,168,0.00046687722455495035,0,1260,1,False,True,2,2,0
519,@event_horizon_telescope,Family: `F17_OBSERVABLES`,mathematical_object,37,137,174,0.0004529745256506316,0,1260,1,False,True,2,2,0
520,@evolution_equations,Family: `F6_INITIAL_VALUE_ADM`,mathematical_object,26,146,172,0.00023900758827264068,0,1260,1,False,True,2,2,0
521,@exotic_matter_and_er_foam,Exotic Matter and ER Foam,mathematical_object,1,1,2,0.0002290140369933843,0,1260,2,False,True,2,2,0
522,@expansion_scalar,Family: `F3_CONNECTION_MOTION`,mathematical_object,418,134,552,0.002802069058235452,0,1260,1,False,True,2,2,0
523,@explicit_lattice_update,Explicit lattice update,mathematical_object,1,1,2,0.0002412249697277539,0,1260,3,False,True,2,2,0
524,@exponential_map,Family: `F3_CONNECTION_MOTION`,mathematical_object,1,132,133,0.00012080242607970728,0,1260,1,False,True,2,2,0
525,@exponential_null_coordinate_relation,@exponential_null_coordinate_relation,mathematical_object,2,2,4,0.00016337523096138495,0,1260,1,False,True,2,2,0
526,@exterior_derivative,Family: `F1_DIFFERENTIAL_FOUNDATION`,mathematical_object,15,135,150,0.0002444978195242748,0,1260,1,False,True,2,2,0
527,@extrinsic_curvature,Family: `F6_INITIAL_VALUE_ADM`,mathematical_object,27,148,175,0.0003305774072623389,0,1260,1,False,True,2,2,0
528,@fermi_normal_coordinates,Family: `F3_CONNECTION_MOTION`,mathematical_object,2,133,135,0.000122138247483364,0,1260,1,False,True,2,2,0
529,@field_computing_architecture,Field Computing Architecture,mathematical_object,1,1,2,0.00024186778934912506,0,1260,2,False,True,2,2,0
530,@field_content,Field Content,mathematical_object,1,1,2,0.00024186778934912506,0,1260,2,False,True,2,2,0
531,@field_encoding,Field Encoding,mathematical_object,1,1,2,0.00024186778934912506,0,1260,2,False,True,2,2,0
532,@field_equations,Field equations,mathematical_object,1,1,2,0.00024186778934912506,0,1260,2,False,True,2,2,0
533,@field_level_handoff_theorem,Field-Level Handoff Theorem,mathematical_object,5,1,6,0.0003681199455400125,0,1260,2,False,True,4,4,0
534,@field_operator,Field Operator,mathematical_object,39,137,176,0.0005843321039446436,0,1260,1,False,True,4,4,0
535,@field_perturbations,Field perturbations,mathematical_object,1,1,2,0.00024186778934912506,0,1260,2,False,True,2,2,0
536,@field_section,Field Section,mathematical_object,2,1,3,0.0003559851517684791,0,1260,2,False,True,5,5,0
537,@field_transport,Field Transport,mathematical_object,3,2,5,0.00044183986935919853,0,1260,2,False,True,2,2,0
538,@finite_higgs_mass_coupling,Finite Higgs–Mass Coupling,Functional,2,2,4,0.00041883679020493416,0,1260,2,False,True,2,2,2
539,@firewall_problem,Family: `F15_INFORMATION`,mathematical_object,62,147,209,0.0006678225846101966,0,1260,1,False,True,2,2,0
540,@first_bianchi_identity,Family: `F4_CURVATURE`,mathematical_object,34,138,172,0.0004969600005789436,0,1260,1,False,True,2,2,0
541,@first_law_black_hole_mechanics,First Law Black Hole Mechanics,mathematical_object,56,141,197,0.0006771476516367245,0,1260,1,False,True,4,4,0
542,@fisher_information_and_curvature,Fisher Information and Curvature,mathematical_object,1,1,2,0.00020472312235814545,0,1260,2,False,True,2,2,0
543,@flow_anchors_and_cloaking_equations,Flow Anchors and Cloaking Equations,mathematical_object,1,1,2,0.00028070185638968785,0,1260,2,False,True,2,2,0
544,@flow_gradient_law,Flow Gradient Law,mathematical_object,1,1,2,0.00028070185638968785,0,1260,2,False,True,2,2,0
545,@fock_space,Fock Space,mathematical_object,39,138,177,0.00045772009245868405,0,1260,1,False,True,4,4,0
546,@focusing_theorem,Family: `F11_PENROSE_GLOBAL`,mathematical_object,417,134,551,0.0027086229552475676,0,1260,1,False,True,2,2,0
547,@foundations_of_chirality,Foundations of Chirality,mathematical_object,1,1,2,0.000204795272723581,0,1260,2,False,True,2,2,0
548,@framework_convergence_and_internal_flow,Framework Convergence and Internal Flow,mathematical_object,1,1,2,0.00028070185638968785,0,1260,2,False,True,2,2,0
549,@free_will_geometry_and_competing_phase_potentials,Free-Will Geometry and Competing Phase Potentials,mathematical_object,1,1,2,0.000261098036109078,0,1260,3,False,True,2,2,0
550,@frequency_dependent_effects,Frequency-Dependent Effects,mathematical_object,1,1,2,0.000261098036109078,0,1260,3,False,True,2,2,0
551,@friedmann_equation,Family: `F18_COSMOLOGY`,mathematical_object,417,137,554,0.0027211585807480816,0,1260,1,False,True,2,2,0
552,@friedmann_lemaitre_robertson_walker_spacetime,Friedmann Lemaitre Robertson Walker Spacetime,mathematical_object,414,138,552,0.002676782485785212,0,1260,1,False,True,4,4,0
553,@from_photons_to_beads_of_time,From photons to beads of time,mathematical_object,2,2,4,0.00028288506843505425,0,1260,3,False,True,2,2,0
554,@future_null_infinity,Family: `F2_LORENTZIAN_SPACETIME`,mathematical_object,417,165,582,0.0027021788253181796,0,1260,1,False,True,2,2,0
555,@galactic_nucleus,Family: `F18_COSMOLOGY`,mathematical_object,37,135,172,0.000501658196605264,0,1260,1,False,True,2,2,0
556,@galactic_phase_topology_and_spiral_structure_formation,Galactic Phase Topology and Spiral Structure Formation,mathematical_object,2,2,4,0.0003532471093008417,0,1260,2,False,True,2,2,0
557,@galactic_rotation_potential,Galactic Rotation Potential,mathematical_object,1,0,1,0.0001445626226840202,126,1,3,False,False,2,2,0
558,@galaxy,Galaxy,mathematical_object,1,7,8,0.00015248615855992562,0,1260,2,False,True,4,4,0
559,@gauge_choices_and_physical_modes,Gauge Choices and Physical Modes,mathematical_object,1,1,2,0.00024186778934912506,0,1260,2,False,True,2,2,0
560,@gauge_condition,Family: `F6_INITIAL_VALUE_ADM`,mathematical_object,3,146,149,0.0002449319927682309,0,1260,1,False,True,2,2,0
561,@gauge_consistency,@gauge_consistency,mathematical_object,2,1,3,0.0005733680734618355,0,1260,2,False,True,2,2,0
562,@gauge_transformation_linearized,Family: `F8_LINEARIZED_GRAVITY_WAVES`,mathematical_object,417,142,559,0.0030447943822667317,0,1260,1,False,True,2,2,0
563,@gauss_equation,Family: `F6_INITIAL_VALUE_ADM`,mathematical_object,26,147,173,0.0002390169997201574,0,1260,1,False,True,2,2,0
564,@general_energy,General Energy,mathematical_object,2,2,4,0.0002680530632791162,0,1260,1,False,True,3,3,0
565,@general_relativity,Family: `F0_MK43_ATTACHMENT`,mathematical_object,417,280,697,0.0027591565008247615,0,1260,1,False,True,2,2,0
566,@generalized_entropy,Family: `F14_HAWKING_THERMODYNAMICS`,mathematical_object,57,153,210,0.0007297171758758938,0,1260,1,False,True,2,2,0
567,@generalized_second_law,Family: `F14_HAWKING_THERMODYNAMICS`,mathematical_object,56,150,206,0.000727763866728455,0,1260,1,False,True,2,2,0
568,@generic_condition,Family: `F11_PENROSE_GLOBAL`,mathematical_object,29,132,161,0.0004057300023534889,0,1260,1,False,True,2,2,0
569,@genesis,@genesis,organizational field,0,2,2,0.00011264619953181728,127,1,1,False,False,3,3,0
570,@genesis_field,Genesis Field,mathematical_object,37,176,213,0.0004517899823143052,0,1260,0,True,True,6,6,2
571,@genesis_occupancy,@genesis_occupancy,mathematical_object,1,1,2,0.0002290140369933843,0,1260,2,False,True,2,2,0
572,@genesis_partial_isometry,@genesis_partial_isometry,mathematical_object,1,1,2,0.0001716915825147162,128,1,3,False,False,2,2,0
573,@genesis_propagation,@genesis_propagation,mathematical_object,1,1,2,0.00028070185638968785,0,1260,2,False,True,2,2,0
574,@genesis_stabilization,@genesis_stabilization,mathematical_object,0,1,1,0.00011264619953181728,129,1,2,False,False,2,2,0
575,@genesis_topology,Genesis Topology,mathematical_object,2,3,5,0.0003005445421801897,0,1260,1,False,True,3,3,0
576,@genlang_aspect_ma,-MA — potential / unresolved,mathematical_object,0,1,1,0.00011264619953181728,130,1,2,False,False,2,2,0
577,@genlang_aspect_ru,-RU — ongoing / propagating,mathematical_object,0,1,1,0.00011264619953181728,131,1,2,False,False,2,2,0
578,@genlang_aspect_ta,-TA — completed / resolved / closed,mathematical_object,0,1,1,0.00011264619953181728,132,1,2,False,False,2,2,0
579,@genlang_family_ael,Genesis root family AEL — topology / structure / geometry,mathematical_object,2,2,4,0.0002589162651950204,0,1260,2,False,True,2,2,0
580,@genlang_family_da,Genesis root family DA — occupancy / presence / inhabitation,mathematical_object,2,2,4,0.00028914155727525863,0,1260,2,False,True,2,2,0
581,@genlang_family_en,Genesis root family EN — identity / self-state / realized existence,mathematical_object,1,1,2,0.00014134100427083045,0,1260,3,False,True,2,2,0
582,@genlang_family_kor,Genesis root family KOR — collapse / realization / resolution / identity formation,mathematical_object,1,1,2,0.00024181893183275758,0,1260,4,False,True,2,2,0
583,@genlang_family_rel,Genesis root family REL — relationship / connection / adjacency,mathematical_object,1,1,2,0.00016723328561264159,0,1260,3,False,True,2,2,0
584,@genlang_family_rin,Genesis root family RIN — persistence / duration / stability through time,mathematical_object,1,1,2,0.0001323322179349395,0,1260,2,False,True,2,2,0
585,@genlang_family_sera,Genesis root family SERA — continuity / source / cause / flow,mathematical_object,2,2,4,0.00040225390843032867,0,1260,2,False,True,2,2,0
586,@genlang_family_sha,Genesis root family SHA — boundary / containment / location / separation,mathematical_object,1,1,2,0.0001464841637782053,0,1260,3,False,True,2,2,0
587,@genlang_family_tal,Genesis root family TAL — stabilization / retention / resistance,mathematical_object,2,2,4,0.00033908786788954285,0,1260,3,False,True,2,2,0
588,@genlang_family_tor,Genesis root family TOR — closure / completion / fulfillment,mathematical_object,1,1,2,0.0002945519166897677,0,1260,3,False,True,2,2,0
589,@genlang_family_ve,Genesis root family VE — propagation / travel / direction,mathematical_object,2,2,4,0.0005014065322380469,0,1260,2,False,True,2,2,0
590,@genlang_family_vel,Genesis root family VEL — field / environment / propagation medium,mathematical_object,3,3,6,0.00047425518767193537,0,1260,2,False,True,2,2,0
591,@genlang_flow_script,Flow Script,mathematical_object,1,1,2,0.00028070185638968785,0,1260,2,False,True,2,2,0
592,@genlang_operator_0df59a22,Architect operator ·°· — Closure,mathematical_object,1,1,2,0.0006056578409029069,0,1260,2,False,True,2,2,0
593,@genlang_operator_1e07893e,Architect operator .·· .° — Redistribute,mathematical_object,1,1,2,0.0002876223655775653,0,1260,2,False,True,2,2,0
594,@genlang_operator_395625ec,Architect operator ·· — Propagate,mathematical_object,1,1,2,0.0009171094346159328,0,1260,2,False,True,2,2,0
595,@genlang_operator_be1cbb61,Architect operator .°. — Stabilize,mathematical_object,1,1,2,0.0003164188770312878,0,1260,5,False,True,2,2,0
596,@genlang_operator_edec7353,Architect operator .· — Inherit,mathematical_object,1,1,2,0.00011491903342239409,0,1260,2,False,True,2,2,0
597,@genlang_phrase_en_ar_en,EN AR EN — Identity inherits identity / remain yourself,mathematical_object,2,1,3,0.00017390139702364867,0,1260,2,False,True,2,2,0
598,@genlang_phrase_gen_kor_en,GEN KOR EN — Genesis collapses into identity,mathematical_object,3,1,4,0.0002900345203366851,0,1260,2,False,True,2,2,0
599,@genlang_phrase_rin_tal_ael,RIN TAL AEL — Persistence stabilizes topology,mathematical_object,4,2,6,0.00037646518175993163,0,1260,2,False,True,2,2,0
600,@genlang_phrase_sha_da_rel,SHA DA REL — Boundary occupancy relationship,mathematical_object,4,2,6,0.000377566607602471,0,1260,2,False,True,2,2,0
601,@genlang_phrase_vel_ve_tor,VEL VE TOR — Field propagation closure,mathematical_object,5,3,8,0.0008768655806782447,0,1260,2,False,True,2,2,0
602,@genlang_root_ael,Genesis root AEL — Topology,mathematical_object,3,5,8,0.00031835878383297534,0,1260,2,False,True,2,2,0
603,@genlang_root_ar,Genesis root AR — Inheritance,mathematical_object,1,3,4,0.00011491903342239409,0,1260,2,False,True,2,2,0
604,@genlang_root_da,Genesis root DA — Occupancy,mathematical_object,3,5,8,0.0003536912991784135,0,1260,2,False,True,2,2,0
605,@genlang_root_en,Genesis root EN — Identity,mathematical_object,2,7,9,0.00023631015631367359,0,1260,2,False,True,2,2,0
606,@genlang_root_era,Genesis root ERA — Environment,mathematical_object,1,1,2,0.00020615098643547876,0,1260,3,False,True,2,2,0
607,@genlang_root_gen,Genesis root GEN — Genesis,mathematical_object,1,5,6,0.00011482813967189736,0,1260,1,False,True,2,2,0
608,@genlang_root_kai,Genesis root KAI — Configuration,mathematical_object,1,3,4,0.00027450555779742465,5,2,3,False,False,2,2,0
609,@genlang_root_kor,Genesis root KOR — Collapse / Realization,mathematical_object,2,6,8,0.0009118075973687809,0,1260,3,False,True,2,2,0
610,@genlang_root_rel,Genesis root REL — Relationship,mathematical_object,2,4,6,0.0002568804046609247,0,1260,2,False,True,2,2,0
611,@genlang_root_rin,Genesis root RIN — Persistence,mathematical_object,2,10,12,0.00023160021544552006,0,1260,1,False,True,2,2,0
612,@genlang_root_sera,Genesis root SERA — Continuity,mathematical_object,2,2,4,0.000286004789231989,0,1260,1,False,True,2,2,0
613,@genlang_root_sha,Genesis root SHA — Boundary,mathematical_object,2,6,8,0.00023885621777253912,0,1260,2,False,True,2,2,0
614,@genlang_root_tal,Genesis root TAL — Stabilization,mathematical_object,2,4,6,0.0004605311956115976,0,1260,3,False,True,2,2,0
615,@genlang_root_tor,Genesis root TOR — Closure,mathematical_object,2,4,6,0.0008560270185445201,0,1260,2,False,True,2,2,0
616,@genlang_root_ve,Genesis root VE — Propagation,mathematical_object,3,5,8,0.0012982628505826231,0,1260,2,False,True,2,2,0
617,@genlang_root_vel,Genesis root VEL — Field,mathematical_object,3,5,8,0.000378422011540291,0,1260,1,False,True,2,2,0
618,@genlang_word_aelrin,AELRIN — persistent topology / mountain,mathematical_object,3,1,4,0.0002786022835981426,0,1260,2,False,True,2,2,0
619,@genlang_word_darin,DARIN — persistent occupancy / village,mathematical_object,3,1,4,0.00030882757567838085,0,1260,2,False,True,2,2,0
620,@genlang_word_genkor,GENKOR — Genesis collapse,mathematical_object,2,0,2,0.0002613397155976719,24,1,2,False,False,2,2,0
621,@genlang_word_genkoren,GENKOREN — Genesis collapse identity / ELDRIS,mathematical_object,3,0,3,0.0002900345203366851,25,1,2,False,False,2,2,0
622,@genlang_word_genvel,GENVEL — Genesis Field,mathematical_object,3,1,4,0.0003257203145789792,0,1260,2,False,True,2,2,0
623,@genlang_word_kai_ar_en_rin,KAI-AR-EN-RIN — bound inherited persistent identity,mathematical_object,4,0,4,0.0002713639903034633,27,1,2,False,False,2,2,0
624,@genlang_word_kaisha,KAISHA — configuration boundary / binding circle,mathematical_object,2,0,2,0.00022426073865489772,19,1,3,False,False,2,2,0
625,@genlang_word_koren,KOREN — collapse identity / realized identity,mathematical_object,2,0,2,0.00027051373657177076,26,1,3,False,False,2,2,0
626,@genlang_word_relrin,RELRIN — persistent relationship / friend,mathematical_object,2,0,2,0.0001869193040157638,18,1,2,False,False,2,2,0
627,@genlang_word_sharin,SHARIN — persistent boundary / home,mathematical_object,2,0,2,0.00016617018218132752,20,1,2,False,False,2,2,0
628,@genlang_word_shator,SHATOR — closed or controlled boundary / gate,mathematical_object,2,0,2,0.00032838988093615573,14,1,3,False,False,2,2,0
629,@genlang_word_talrin,TALRIN — stabilized persistence / strength,mathematical_object,2,0,2,0.0002301951160967285,30,1,2,False,False,2,2,0
630,@genlang_word_verin,VERIN — persistent propagation path / road,mathematical_object,3,1,4,0.0005210925506411691,0,1260,2,False,True,2,2,0
631,@geodesic,Family: `F3_CONNECTION_MOTION`,mathematical_object,416,140,556,0.002978543134937386,0,1260,1,False,True,2,2,0
632,@geodesic_detector_response,Family: `F8_LINEARIZED_GRAVITY_WAVES`,mathematical_object,37,134,171,0.0007562413157285655,0,1260,1,False,True,2,2,0
633,@geodesic_deviation,Family: `F3_CONNECTION_MOTION`,mathematical_object,417,136,553,0.0027887515895591666,0,1260,1,False,True,2,2,0
634,@geodesic_equation,Family: `F3_CONNECTION_MOTION`,mathematical_object,35,135,170,0.0005563065889439739,0,1260,1,False,True,2,2,0
635,@geodesic_incompleteness,Family: `F11_PENROSE_GLOBAL`,mathematical_object,419,135,554,0.002853859120921626,0,1260,1,False,True,2,2,0
636,@geometric,Geometric,mathematical_object,3,2,5,0.000652734316803826,0,1260,2,False,True,3,3,0
637,@geometric_compilation_route,Geometric compilation route,mathematical_object,1,1,2,0.00020472312235814545,0,1260,2,False,True,2,2,0
638,@geometric_decoherence_functional,Geometric Decoherence Functional,mathematical_object,1,1,2,0.00020472312235814545,0,1260,2,False,True,2,2,0
639,@geometric_infrastructure_and_phase_supported_architecture,Geometric Infrastructure and Phase-Supported Architecture,mathematical_object,2,2,4,0.00035317495893540617,0,1260,2,False,True,2,2,0
640,@geometric_interpretation,Geometric Interpretation,mathematical_object,1,1,2,0.00020472312235814545,0,1260,2,False,True,2,2,0
641,@geometric_matching,Geometric Matching,mathematical_object,1,1,2,0.00020472312235814545,0,1260,2,False,True,2,2,0
642,@geometric_propagation_engines,Geometric Propagation Engines,mathematical_object,2,2,4,0.000372778779216016,0,1260,2,False,True,2,2,0
643,@geometric_stability_criteria,Geometric Stability Criteria,mathematical_object,1,1,2,0.00020472312235814545,0,1260,2,False,True,2,2,0
644,@geometry,Geometry,mathematical_object,437,135,572,0.0041563773778016035,0,1260,1,False,True,4,4,0
645,@gibbons_hawking_york_term,Family: `F5_VARIATIONAL_FIELD_EQUATIONS`,mathematical_object,6,134,140,0.0003045417357630537,0,1260,1,False,True,2,2,0
646,@global_causal_structure,Family: `F11_PENROSE_GLOBAL`,mathematical_object,30,132,162,0.00041672351523977015,0,1260,1,False,True,2,2,0
647,@global_entropy_and_phase_alignment,Global Entropy and Phase Alignment,mathematical_object,2,2,4,0.00034298064352290803,0,1260,3,False,True,2,2,0
648,@global_hyperbolicity,Family: `F2_LORENTZIAN_SPACETIME`,mathematical_object,416,134,550,0.002696996550135572,0,1260,1,False,True,2,2,0
649,@global_inheritance,Global Inheritance,mathematical_object,3,2,5,0.0006408318629885214,0,1260,1,False,True,3,3,0
650,@global_phase_coherence,Global Phase Coherence,mathematical_object,1,1,2,0.000261098036109078,0,1260,3,False,True,2,2,0
651,@global_phase_potential,Global Phase Potential,mathematical_object,1,1,2,0.000261098036109078,0,1260,3,False,True,2,2,0
652,@globally_hyperbolic_splitting,Family: `F2_LORENTZIAN_SPACETIME`,mathematical_object,40,132,172,0.0005635601088305145,0,1260,1,False,True,2,2,0
653,@governance_field,Governance Field,mathematical_object,1,1,2,0.00024186778934912506,0,1260,2,False,True,2,2,0
654,@graph_distances_and_effective_metric,Graph Distances and Effective Metric,mathematical_object,1,1,2,0.00020472312235814545,0,1260,2,False,True,2,2,0
655,@gravitational_anchor_lattice,Gravitational anchor lattice,mathematical_object,2,147,149,0.0002475149996899081,0,1260,1,False,True,4,4,0
656,@gravitational_field_equations_in_mk_43_ultra,Gravitational Field Equations in MK--43 Ultra,mathematical_object,1,1,2,0.00024186778934912506,0,1260,2,False,True,2,2,0
657,@gravitational_helicon,Gravitational Helicon,mathematical_object,0,1,1,0.00011264619953181728,133,1,2,False,False,3,3,0
658,@gravitational_helicon_mode,Gravitational Helicon Mode,mathematical_object,68,136,204,0.0012851753266861976,0,1260,1,False,True,4,4,0
659,@gravitational_lensing,Gravitational Lensing,mathematical_object,37,137,174,0.0004519017589866907,0,1260,1,False,True,3,3,0
660,@gravitational_radiation,Gravitational Radiation,mathematical_object,435,132,567,0.002869170835766727,0,1260,1,False,True,4,4,0
661,@gravitational_self_coupling,Gravitational Self Coupling,mathematical_object,440,8,448,0.0030473077848025927,0,1260,1,False,True,4,4,0
662,@gravitational_wave,Gravitational Wave,mathematical_object,420,141,561,0.003678520828547181,0,1260,1,False,True,4,4,0
663,@gravitational_wave_echoes,Gravitational Wave Echoes,mathematical_object,72,133,205,0.0012146202316533493,0,1260,1,False,True,3,3,0
664,@gravitational_wave_energy_flux,Gravitational Wave Energy Flux,mathematical_object,419,136,555,0.0031032931986459135,0,1260,1,False,True,4,4,0
665,@gravitational_wave_propagation,Gravitational Wave Propagation,mathematical_object,5,4,9,0.0005871629188086942,0,1260,1,False,True,3,3,0
666,@graviton,Graviton,mathematical_object,443,315,758,0.004002689837125118,0,1260,0,True,True,7,7,0
667,@graviton_contract,Graviton contract,mathematical_object,1,1,2,0.00020472312235814545,0,1260,2,False,True,2,2,0
668,@graviton_propagation,@graviton_propagation,mathematical_object,3,2,5,0.0006354443085781161,0,1260,2,False,True,2,2,7
669,@graviton_radiative_stability,Graviton Radiative Stability,mathematical_object,448,8,456,0.004240325948989185,0,1260,1,False,True,4,4,0
670,@gravity,Gravity,mathematical_object,442,132,574,0.0034314743354217996,0,1260,1,False,True,4,4,0
671,@gravity_audit_12,@gravity_audit_12,mathematical_object,1,1,2,0.00020472312235814545,0,1260,2,False,True,2,2,0
672,@gravity_audit_v2,@gravity_audit_v2,mathematical_object,2,1,3,0.0002917304426952748,0,1260,2,False,True,2,2,3
673,@gravity_closure_v2,@gravity_closure_v2,mathematical_object,1,2,3,0.00020472312235814545,0,1260,2,False,True,2,2,0
674,@gravity_from_tunneling,Gravity from Tunneling,mathematical_object,1,1,2,0.00020472312235814545,0,1260,2,False,True,2,2,0
675,@gravity_matter_closure,Gravity-Matter Closure,mathematical_object,31,134,165,0.0006660172362701246,0,1260,1,False,True,6,6,0
676,@greybody_factor,Family: `F14_HAWKING_THERMODYNAMICS`,mathematical_object,64,147,211,0.0007907404170160013,0,1260,1,False,True,2,2,0
677,@hadamard_state,Family: `F13_QFT_CURVED`,mathematical_object,44,143,187,0.00047679193999338896,0,1260,1,False,True,2,2,0
678,@halo_and_neural_phase_shear,Halo and Neural Phase Shear,mathematical_object,2,2,4,0.0003837302031365047,0,1260,3,False,True,2,2,0
679,@hamiltonian_constraint,Family: `F6_INITIAL_VALUE_ADM`,mathematical_object,27,148,175,0.0003675099617539971,0,1260,1,False,True,2,2,0
680,@harmonic_coordinates,Family: `F6_INITIAL_VALUE_ADM`,mathematical_object,2,145,147,0.0001164537169237609,0,1260,1,False,True,2,2,0
681,@harmonic_phase_shear_and_corridor_descent,Harmonic Phase Shear and Corridor Descent,mathematical_object,2,2,4,0.0003837302031365047,0,1260,3,False,True,2,2,0
682,@hartle_hawking_state,Family: `F14_HAWKING_THERMODYNAMICS`,mathematical_object,43,148,191,0.0005526486129674179,0,1260,1,False,True,2,2,0
683,@hawking_penrose_singularity_theorem,Hawking Penrose Singularity Theorem,mathematical_object,59,133,192,0.000834003045832047,0,1260,1,False,True,4,4,0
684,@hawking_radiation,Family: `F14_HAWKING_THERMODYNAMICS`,mathematical_object,88,165,253,0.0008945408778273849,0,1260,1,False,True,2,2,0
685,@hawking_temperature,Family: `F14_HAWKING_THERMODYNAMICS`,mathematical_object,77,157,234,0.0007922398462917613,0,1260,1,False,True,2,2,0
686,@helicon,Helicon,mathematical_object,78,163,241,0.0012062057046705998,0,1260,0,True,True,6,6,0
687,@helicon_curvature,Helicon Curvature,mathematical_object,61,7,68,0.0005589694006750158,0,1260,1,False,True,4,4,0
688,@helicon_field_strength,@helicon_field_strength,mathematical_object,2,2,4,0.0003097426482890741,0,1260,2,False,True,2,2,0
689,@helicon_field_structure,Helicon Field Structure,mathematical_object,1,1,2,0.00024186778934912506,0,1260,2,False,True,2,2,0
690,@helicon_kernel_derivation,Helicon Kernel Derivation,mathematical_object,1,0,1,0.00011893622949397146,35,1,1,False,False,3,3,0
691,@helicon_mode_family,Allowed Helicon Spectral Mode Family,mode_family,1,1,2,0.00021407818195868085,0,1260,1,False,True,1,1,0
692,@helicon_mode_readability,Helicon Mode Readability,mathematical_object,1,2,3,0.00011428806783784958,0,1260,1,False,True,3,3,0
693,@helicon_one_form,Helicon One-Form,mathematical_object,2,2,4,0.00018681108843392053,0,1260,1,False,True,3,3,0
694,@helicon_orientation,Helicon Orientation,mathematical_object,2,2,4,0.00021022672440740295,0,1260,1,False,True,3,3,0
695,@helicon_resonance,Helicon Resonance,mathematical_object,69,142,211,0.0008621255799491972,0,1260,1,False,True,4,4,0
696,@helicon_resonance_and_curvature_binding,Helicon Resonance and Curvature Binding,mathematical_object,2,2,4,0.00035317495893540617,0,1260,2,False,True,2,2,0
697,@helicon_resonance_operator,Helicon Resonance Operator,mathematical_object,1,1,2,0.000261098036109078,0,1260,3,False,True,2,2,0
698,@helicon_spectral_coupling,Helicon-Spectral Coupling,mathematical_object,5,149,154,0.00040710198638253044,0,1260,1,False,True,4,4,0
699,@helicon_spectral_coupling_and_the_geometry_of_wake_stabilization,Helicon–Spectral Coupling and the Geometry of Wake Stabilization,mathematical_object,1,1,2,0.00023120339317544248,0,1260,3,False,True,2,2,0
700,@helicon_spectral_interaction_terms,Helicon–Spectral Interaction Terms,mathematical_object,2,2,4,0.00036042498299275027,0,1260,2,False,True,2,2,0
701,@helicon_spectral_operator,Helicon Spectral Operator,mathematical_object,3,4,7,0.00036615201589221784,0,1260,1,False,True,6,6,2
702,@helicon_state_space,@helicon_state_space,mathematical_object,1,1,2,0.0005258509278362831,0,1260,2,False,True,2,2,0
703,@helicon_structural_tuple,Helicon Structural Tuple,mathematical_object,1,1,2,0.00011893622949397146,0,1260,1,False,True,3,3,0
704,@helicon_substrate,Helicon Substrate,mathematical_object,1,2,3,0.00011808445818078326,0,1260,1,False,True,3,3,0
705,@helicon_transport_along_bridges,Helicon Transport Along Bridges,mathematical_object,2,1,3,0.0003126182795418908,0,1260,2,False,True,2,2,0
706,@hermitian_metric,Hermitian Metric,mathematical_object,1,1,2,0.00020472312235814545,0,1260,2,False,True,3,3,0
707,@higgs_field,Higgs Field,Field,6,12,18,0.0005192144826260466,0,1260,1,False,True,3,3,2
708,@higgs_helicon_sector,Higgs-Relevant Helicon Sector,StateSpace,4,5,9,0.0004099007196368357,0,1260,1,False,True,2,2,0
709,@higgs_mass_matrix_correspondence,Higgs Mass-Matrix Correspondence,Condition,3,4,7,0.0004939713293340479,0,1260,2,False,True,2,2,2
710,@higgs_order_excitation,Finite Native Higgs Excitation,Map,1,1,2,0.0002233208863999549,0,1260,3,False,True,2,2,2
711,@higgs_order_graph,Higgs Order Configuration Graph,StateSpace,1,1,2,0.00013020551302369974,0,1260,3,False,True,2,2,0
712,@higgs_physical_boundary_audit,Higgs Physical Boundary Audit,Audit,3,2,5,0.0003836376891203053,0,1260,2,False,True,2,2,0
713,@higgs_sector_bundle,Higgs-Sector Bundle,Bundle,2,1,3,0.000509664482061397,0,1260,3,False,True,2,2,0
714,@higgs_work_layer_closure,Higgs Work-Layer Closure,Closure,1,5,6,0.00014942388722854436,0,1260,2,False,True,2,2,0
715,@high_order_cognitive_fields_and_phase_awareness,High-Order Cognitive Fields and Phase Awareness,mathematical_object,2,2,4,0.0003903196259263858,0,1260,2,False,True,2,2,0
716,@higher_dimensional_phase_embeddings_and_extended_topology,Higher-Dimensional Phase Embeddings and Extended Topology,mathematical_object,2,2,4,0.0003532471093008417,0,1260,2,False,True,2,2,0
717,@higher_gradient_phase_lagrangian,Higher-gradient phase Lagrangian,mathematical_object,2,2,4,0.0003903196259263858,0,1260,2,False,True,2,2,0
718,@higher_order_helicon_modes,Higher-Order Helicon Modes,mathematical_object,0,2,2,0.00011264619953181728,134,1,1,False,False,3,3,0
719,@hilbert_spaces_and_density_operators,Hilbert spaces and density operators,mathematical_object,2,2,4,0.000357592807189321,0,1260,2,False,True,2,2,0
720,@historical_phase_oscillations,Historical Phase Oscillations,mathematical_object,1,1,2,0.000261098036109078,0,1260,3,False,True,2,2,0
721,@historical_t4_label,Historical Corridor Label T4,AliasRecord,2,1,3,0.00025942710284100753,0,1260,2,False,True,2,2,0
722,@holographic_encoding_of_phase_data,Holographic Encoding of Phase Data,mathematical_object,1,1,2,0.000261098036109078,0,1260,3,False,True,2,2,0
723,@holographic_quantum_error_correcting_codes,Holographic Quantum Error-Correcting Codes,mathematical_object,1,1,2,0.00024186778934912506,0,1260,2,False,True,2,2,0
724,@holographic_transfer_law,Holographic Transfer Law,mathematical_object,1,148,149,0.00011509979365946183,0,1260,1,False,True,3,3,0
725,@homogeneous_chromatic_energy_density,Homogeneous chromatic energy density,mathematical_object,2,2,4,0.000357592807189321,0,1260,2,False,True,2,2,0
726,@homogeneous_fields,Homogeneous fields,mathematical_object,1,1,2,0.00024186778934912506,0,1260,2,False,True,2,2,0
727,@homogeneous_isotropic_metric,Homogeneous-isotropic metric,mathematical_object,1,1,2,0.00020472312235814545,0,1260,2,False,True,2,2,0
728,@horizon_area,Family: `F10_BLACK_HOLE_GEOMETRY`,mathematical_object,54,140,194,0.0006415021790662867,0,1260,1,False,True,2,2,0
729,@horizon_restricted_phase,Horizon-restricted phase,mathematical_object,1,1,2,0.000261098036109078,0,1260,3,False,True,2,2,0
730,@horizon_scale_phase_configuration,Horizon-Scale Phase Configuration,mathematical_object,1,1,2,0.000261098036109078,0,1260,3,False,True,2,2,0
731,@hubble_parameter,Family: `F18_COSMOLOGY`,mathematical_object,414,137,551,0.0026766628816637136,0,1260,1,False,True,2,2,0
732,@hyperdimensional_resonances,Hyperdimensional Resonances,mathematical_object,1,1,2,0.000261098036109078,0,1260,3,False,True,2,2,0
733,@impact_diffusion,Impact Diffusion,mathematical_object,1,1,2,0.00028070185638968785,0,1260,2,False,True,2,2,0
734,@in_vacuum,@in_vacuum,mathematical_object,3,4,7,0.00027859956376150713,0,1260,1,False,True,2,2,0
735,@induced_metric,Induced Metric,mathematical_object,27,148,175,0.0003305774072623389,0,1260,1,False,True,4,4,0
736,@inertia_equilibrium_condition,Inertia Equilibrium Condition,mathematical_object,1,1,2,0.0001945288069456473,0,1260,3,False,True,2,2,0
737,@infinity_spectrum,Infinity Spectrum,mathematical_object,0,1,1,0.00011264619953181728,135,1,5,False,False,2,2,0
738,@information_field_engineering_and_phase_based_computation,Information Field Engineering and Phase-Based Computation,mathematical_object,2,2,4,0.0003903196259263858,0,1260,2,False,True,2,2,0
739,@information_flow,Information Flow,mathematical_object,4,3,7,0.0003183642339443846,0,1260,2,False,True,2,2,0
740,@information_geometry,Information = Geometry,mathematical_object,2,2,4,0.0001257132888600708,0,1260,2,False,True,3,3,0
741,@information_loss,Family: `F15_INFORMATION`,mathematical_object,3,148,151,0.00015075774661924655,0,1260,1,False,True,2,2,0
742,@information_phase_fields_and_communication_efficiency,Information Phase Fields and Communication Efficiency,mathematical_object,2,2,4,0.0003903196259263858,0,1260,2,False,True,2,2,0
743,@information_recovery,Family: `F15_INFORMATION`,mathematical_object,66,151,217,0.000676162056156652,0,1260,1,False,True,2,2,0
744,@ingoing_null_expansion,@ingoing_null_expansion,mathematical_object,3,0,3,0.00021005076525460126,57,1,1,False,False,2,2,0
745,@ingress_the_shear_corridor_opens,Ingress: The Shear Corridor Opens,mathematical_object,1,1,2,0.0002352783665592439,0,1260,3,False,True,2,2,0
746,@ingress_the_spectral_chamber_activates,Ingress: The Spectral Chamber Activates,mathematical_object,1,1,2,0.00023120339317544248,0,1260,3,False,True,2,2,0
747,@ingress_threshold_of_the_spectral_confluence,Ingress: Threshold of the Spectral Confluence,mathematical_object,1,1,2,0.00023120339317544248,0,1260,3,False,True,2,2,0
748,@inherit_operator,Inherit Operator,Operator,3,1,4,0.000375137032846794,0,1260,2,False,True,2,2,0
749,@inheritance,Inheritance,mathematical_object,35,175,210,0.0004679363857096183,0,1260,1,False,True,4,4,0
750,@inheritance_morphism,Inheritance Morphism,mathematical_object,33,171,204,0.00025085357846563926,0,1260,1,False,True,4,4,0
751,@inherited_state_bundle,Inherited State Bundle,mathematical_object,33,172,205,0.0002667405285612062,0,1260,1,False,True,4,4,0
752,@initial_data_set,Family: `F6_INITIAL_VALUE_ADM`,mathematical_object,20,144,164,0.00023346487818091995,0,1260,1,False,True,2,2,0
753,@inner_horizon,Inner Horizon,mathematical_object,4,133,137,0.00017404740769087757,0,1260,1,False,True,4,4,0
754,@innermost_stable_circular_orbit,Family: `F10_BLACK_HOLE_GEOMETRY`,mathematical_object,2,133,135,0.0001467835675839462,0,1260,1,False,True,2,2,0
755,@inspiral,Inspiral,mathematical_object,414,131,545,0.0026759071577833822,0,1260,1,False,True,2,2,0
756,@inspiral_phase,Inspiral Phase,mathematical_object,1,1,2,0.000261098036109078,0,1260,3,False,True,2,2,0
757,@integrated_field_equation,Integrated Field Equation,mathematical_object,1,1,2,0.00024186778934912506,0,1260,2,False,True,2,2,0
758,@integrated_temporal_orientation,Integrated temporal orientation,mathematical_object,1,1,2,0.000204795272723581,0,1260,2,False,True,2,2,0
759,@intelligent_curvature,Intelligent Curvature,mathematical_object,1,1,2,0.00020472312235814545,0,1260,2,False,True,2,2,0
760,@intelligent_flows,Intelligent Flows,mathematical_object,1,1,2,0.00028070185638968785,0,1260,2,False,True,2,2,0
761,@intentional_resonance_fields,Intentional Resonance Fields,mathematical_object,2,2,4,0.0003903196259263858,0,1260,2,False,True,2,2,0
762,@interaction_action,Interaction Action,mathematical_object,1,1,2,0.00024186778934912506,0,1260,2,False,True,2,2,0
763,@interaction_lagrangian,Interaction Lagrangian,mathematical_object,1,1,2,0.00024186778934912506,0,1260,2,False,True,2,2,0
764,@interaction_term,Interaction Term,mathematical_object,1,1,2,0.00024186778934912506,0,1260,2,False,True,2,2,0
765,@interaction_with_mental_adjacency,Interaction with Mental Adjacency,mathematical_object,1,1,2,0.00024186778934912506,0,1260,2,False,True,2,2,0
766,@interaction_with_spectral_shells,Interaction with Spectral Shells,mathematical_object,2,2,4,0.00036042498299275027,0,1260,2,False,True,2,2,0
767,@intercellular_adjacency,Intercellular Adjacency,mathematical_object,1,2,3,0.0005946381642455833,3,2,5,False,False,2,2,0
768,@intercivilizational_dynamics_resonance_diplomacy_and_conflict_across_coherent_worlds,"Intercivilizational Dynamics: Resonance, Diplomacy, and Conflict Across Coherent Worlds",mathematical_object,1,1,2,0.000261098036109078,0,1260,3,False,True,2,2,0
769,@internal_experiential_map,Internal Experiential Map,mathematical_object,415,2,417,0.0026932699139288288,0,1260,1,False,True,2,2,0
770,@interstellar_navigation_and_phase_gradient_trajectories,Interstellar Navigation and Phase-Gradient Trajectories,mathematical_object,1,1,2,0.000261098036109078,0,1260,3,False,True,2,2,0
771,@interstellar_phase_fields_and_medium_structure,Interstellar Phase Fields and Medium Structure,mathematical_object,2,2,4,0.0003903196259263858,0,1260,2,False,True,2,2,0
772,@intrinsic_path_measure,@intrinsic_path_measure,mathematical_object,1,1,2,0.00013073021115993596,0,1260,2,False,True,2,2,0
773,@invariant_interval,@invariant_interval,mathematical_object,1,1,2,0.0003207755830668305,0,1260,3,False,True,2,2,0
774,@invariant_residue,Invariant Residue,State,3,0,3,0.0006135246004343292,21,1,2,False,False,5,5,0
775,@inverse_metric,Inverse Metric,mathematical_object,417,160,577,0.0027913522282343624,0,1260,1,False,True,4,4,0
776,@island_formula,Family: `F15_INFORMATION`,mathematical_object,54,154,208,0.0006421569955696719,0,1260,1,False,True,2,2,0
777,@isolated_horizon,Family: `F10_BLACK_HOLE_GEOMETRY`,mathematical_object,46,132,178,0.0006092155071233282,0,1260,1,False,True,2,2,0
778,@isometry,Family: `F7_SYMMETRIES_CONSERVED`,mathematical_object,50,148,198,0.0005382805177261,0,1260,1,False,True,2,2,0
779,@jacobi_field,Jacobi Field,mathematical_object,417,135,552,0.0028255355451580087,0,1260,1,False,True,3,3,0
780,@kerr_geometry,Kerr Geometry,mathematical_object,414,171,585,0.0026799485325054266,0,1260,1,False,True,4,4,0
781,@kerr_newman_geometry,Kerr Newman Geometry,mathematical_object,28,132,160,0.0003893891387745251,0,1260,1,False,True,4,4,0
782,@killing_equation,Family: `F7_SYMMETRIES_CONSERVED`,mathematical_object,31,135,166,0.0004876849068873202,0,1260,1,False,True,2,2,0
783,@killing_horizon,Family: `F10_BLACK_HOLE_GEOMETRY`,mathematical_object,37,158,195,0.00027389758000936014,0,1260,1,False,True,2,2,0
784,@killing_vector,Family: `F7_SYMMETRIES_CONSERVED`,mathematical_object,37,141,178,0.0005068069549206925,0,1260,1,False,True,2,2,0
785,@klein_gordon_field,Klein Gordon Field,mathematical_object,38,137,175,0.000627463056129436,0,1260,1,False,True,4,4,0
786,@klein_gordon_inner_product,Klein Gordon Inner Product,mathematical_object,2,0,2,0.00014825511582850783,34,1,1,False,False,3,3,0
787,@knot_admissibility_domain,Conditioned Knot-Admissibility Domain,StateSpace,2,0,2,0.0003128421961242245,39,1,3,False,False,2,2,0
788,@komar_angular_momentum,Family: `F7_SYMMETRIES_CONSERVED`,mathematical_object,32,136,168,0.0004901946076968026,0,1260,1,False,True,2,2,0
789,@komar_mass,Family: `F7_SYMMETRIES_CONSERVED`,mathematical_object,32,136,168,0.0006040527443488871,0,1260,1,False,True,2,2,0
790,@kretschmann_scalar,Family: `F4_CURVATURE`,mathematical_object,3,134,137,0.0002147314309823577,0,1260,1,False,True,2,2,0
791,@kruskal_szekeres_extension,Family: `F9_EXACT_SOLUTIONS`,mathematical_object,5,133,138,0.00018268276582802235,0,1260,1,False,True,2,2,0
792,@lapse_function,Family: `F6_INITIAL_VALUE_ADM`,mathematical_object,26,147,173,0.0002390169997201574,0,1260,1,False,True,2,2,0
793,@lattice_calculus_appendix_a,Lattice Calculus (Appendix A),mathematical_object,1,1,2,0.0002412249697277539,0,1260,3,False,True,2,2,0
794,@lattice_representation,Lattice representation,mathematical_object,1,1,2,0.0002412249697277539,0,1260,3,False,True,2,2,0
795,@left_chirality_seed,@left_chirality_seed,mathematical_object,2,1,3,0.0002583298527484649,0,1260,2,False,True,2,2,0
796,@lemma_l12,Lemma L12 — Spectral Measurement Projection,mathematical_object,1,1,2,0.00023120339317544248,0,1260,3,False,True,2,2,0
797,@lemma_l13,Lemma L13 — Field Transport,mathematical_object,2,2,4,0.0004099234462069956,0,1260,2,False,True,2,2,0
798,@lemma_l2,Lemma L2 — Chirality Transport,mathematical_object,2,2,4,0.00037285092958145156,0,1260,2,False,True,2,2,0
799,@levi_civita_connection,Family: `F3_CONNECTION_MOTION`,mathematical_object,416,282,698,0.0027059481373024417,0,1260,1,False,True,2,2,0
800,@lie_bracket,Family: `F1_DIFFERENTIAL_FOUNDATION`,mathematical_object,1,132,133,0.00012025584732654688,0,1260,1,False,True,2,2,0
801,@lie_derivative,Family: `F1_DIFFERENTIAL_FOUNDATION`,mathematical_object,12,133,145,0.00023359935953330585,0,1260,1,False,True,2,2,0
802,@light_cone,Family: `F2_LORENTZIAN_SPACETIME`,mathematical_object,33,151,184,0.0005629986918203296,0,1260,1,False,True,2,2,0
803,@light_deflection,Family: `F17_OBSERVABLES`,mathematical_object,35,135,170,0.0005620307112828575,0,1260,1,False,True,2,2,0
804,@light_ring,Family: `F10_BLACK_HOLE_GEOMETRY`,mathematical_object,34,134,168,0.0005580970745449321,0,1260,1,False,True,2,2,0
805,@line_element,Family: `F2_LORENTZIAN_SPACETIME`,mathematical_object,416,159,575,0.0026996721544081904,0,1260,1,False,True,2,2,0
806,@linear_metric_perturbation,Linear Metric Perturbation,mathematical_object,418,143,561,0.0029371743950704805,0,1260,1,False,True,4,4,0
807,@linear_stability,Family: `F16_PERTURBATIONS_STABILITY`,mathematical_object,4,135,139,0.00013117603366519996,0,1260,1,False,True,2,2,0
808,@linearised_phase_metric,Linearised Phase Metric,mathematical_object,2,2,4,0.00035317495893540617,0,1260,2,False,True,2,2,0
809,@linearized_einstein_tensor,Linearized Einstein Tensor,mathematical_object,418,141,559,0.002936928237464798,0,1260,1,False,True,4,4,0
810,@linearized_field_equation,Linearized Field Equation,mathematical_object,419,142,561,0.0030655048610179585,0,1260,1,False,True,4,4,0
811,@linearized_geometric_equation,Linearized geometric equation,mathematical_object,1,1,2,0.00020472312235814545,0,1260,2,False,True,2,2,0
812,@linearized_gravity_and_the_tt_kernel,Linearized Gravity and the TT Kernel,mathematical_object,1,1,2,0.00020472312235814545,0,1260,2,False,True,2,2,0
813,@linearized_gravity_and_tt_modes,Linearized Gravity and TT Modes,mathematical_object,1,1,2,0.00020472312235814545,0,1260,2,False,True,2,2,0
814,@linearized_phase_equation,Linearized phase equation,mathematical_object,1,1,2,0.000261098036109078,0,1260,3,False,True,2,2,0
815,@linearized_phase_metric_contribution,Linearized phase-metric contribution,mathematical_object,2,2,4,0.00035317495893540617,0,1260,2,False,True,2,2,0
816,@list_of_figures,List of Figures,mathematical_object,1,148,149,0.00011509979365946183,0,1260,1,False,True,2,2,0
817,@local_admissibility,Local Admissibility,mathematical_object,0,1,1,0.00011264619953181728,136,1,2,False,False,3,3,0
818,@local_component_match_spacelike,Spacelike Higgs-Gravity Component Match,Witness,3,4,7,0.00035934677448506644,0,1260,2,False,True,2,2,2
819,@local_component_match_timelike,Timelike Higgs-Gravity Component Match,Witness,3,4,7,0.00035934677448506644,0,1260,2,False,True,2,2,2
820,@local_continuity_perturbation,Local Continuity Perturbation,Perturbation,2,4,6,0.00021552403122965296,0,1260,1,False,True,2,2,0
821,@local_energy_momentum_conservation,Local Energy Momentum Conservation,mathematical_object,38,139,177,0.0006738350680362847,0,1260,1,False,True,4,4,0
822,@local_equilibrium,Local equilibrium,mathematical_object,1,1,2,0.0001945288069456473,0,1260,3,False,True,2,2,0
823,@local_graviton_metric,Local Graviton Metric Perturbation,Tensor,5,3,8,0.0005324659201056102,0,1260,2,False,True,2,2,2
824,@local_gravity_matter_closure,Local Gravity-Matter Closure,ClosureWitness,4,5,9,0.0004010784795811568,0,1260,1,False,True,2,2,0
825,@local_matter_realization_map,Local Matter Realization Map,Map,3,3,6,0.0005413596465283497,0,1260,2,False,True,2,2,2
826,@local_positive_matter_action,Local Positive Matter Action,Action,4,3,7,0.0005841484467218298,0,1260,2,False,True,2,2,2
827,@local_positive_matter_coupling,Local Positive Matter Coupling,Coupling,2,5,7,0.00032109095981971254,0,1260,2,False,True,2,2,0
828,@local_positive_matter_state,Local Positive Matter State,FieldState,4,4,8,0.0005370228981691108,0,1260,2,False,True,2,2,0
829,@local_positive_mode,Local Positive Projected Mode,Mode,1,1,2,0.00021543999275400012,0,1260,3,False,True,2,2,0
830,@local_positive_stress_energy,Local Positive Stress-Energy,Tensor,6,5,11,0.0006576203618006682,0,1260,2,False,True,2,2,4
831,@local_to_intermediate_translation_fields,Local-to-Intermediate Translation Fields,mathematical_object,1,1,2,0.00024186778934912506,0,1260,2,False,True,2,2,0
832,@local_zero_mode,Local Zero Projected Mode,Mode,1,0,1,0.00021543999275400012,59,1,3,False,False,2,2,0
833,@locality,@locality,mathematical_object,1,0,1,0.0003753117288939174,12,1,2,False,False,2,2,0
834,@locality_reinterpreted_factorization_through_the_lattice,Locality Reinterpreted: Factorization Through the Lattice,mathematical_object,1,1,2,0.0002412249697277539,0,1260,3,False,True,2,2,0
835,@localized_persistence_lock,Localized Persistence Lock,State,3,1,4,0.00040874582227583576,0,1260,2,False,True,2,2,0
836,@localized_persistent_topology,Localized Persistent Topology,mathematical_object,58,9,67,0.0008466287474493035,0,1260,1,False,True,4,4,0
837,@logical_currents,Logical Currents,mathematical_object,1,1,2,0.00028070185638968785,0,1260,2,False,True,2,2,0
838,@lookup_contract_13_5_recover_chirality,Lookup Contract 13.5 — Recover Chirality,mathematical_object,1,1,2,0.000204795272723581,0,1260,2,False,True,2,2,0
839,@lorentz_limit,@lorentz_limit,mathematical_object,1,0,1,0.0003753117288939174,13,1,2,False,False,2,2,0
840,@lorentz_signature,@lorentz_signature,mathematical_object,1,0,1,0.0005127827592491934,10,1,2,False,False,2,2,0
841,@lorentzian_manifold,Family: `F2_LORENTZIAN_SPACETIME`,mathematical_object,417,276,693,0.0027854852614794287,0,1260,1,False,True,2,2,0
842,@lorentzian_spacetime,Lorentzian Spacetime,mathematical_object,0,37,37,0.00011264619953181728,137,1,1,False,False,3,3,0
843,@lorenz_gauge,Family: `F8_LINEARIZED_GRAVITY_WAVES`,mathematical_object,419,142,561,0.0030655048610179585,0,1260,1,False,True,2,2,0
844,@manifold_shear_and_drift_containment,Manifold Shear and Drift Containment,mathematical_object,1,1,2,0.0002352783665592439,0,1260,3,False,True,2,2,0
845,@manifold_shear_and_helicon_compensation,Manifold Shear and Helicon Compensation,mathematical_object,1,1,2,0.0002352783665592439,0,1260,3,False,True,2,2,0
846,@marginally_trapped_surface,Family: `F11_PENROSE_GLOBAL`,mathematical_object,42,137,179,0.000513125657427351,0,1260,1,False,True,2,2,0
847,@market_er_networks_and_transaction_connectivity,Market ER Networks and Transaction Connectivity,mathematical_object,1,1,2,0.00024186778934912506,0,1260,2,False,True,2,2,0
848,@mass_inflation,Family: `F16_PERTURBATIONS_STABILITY`,mathematical_object,6,134,140,0.0003056354269568274,0,1260,1,False,True,2,2,0
849,@mass_parameter,Family: `F9_EXACT_SOLUTIONS`,mathematical_object,5,133,138,0.00029788308187022163,0,1260,1,False,True,2,2,0
850,@massive_sector,Native Massive Sector,StateSpace,3,4,7,0.0004485997248900985,0,1260,2,False,True,2,2,0
851,@massless_sector,Native Massless Sector,StateSpace,3,4,7,0.0004485997248900985,0,1260,2,False,True,2,2,0
852,@master_equation_of_phase_geometry,Master Equation of Phase Geometry,mathematical_object,1,1,2,0.000261098036109078,0,1260,3,False,True,2,2,0
853,@master_phase_evolution_equation,Master Phase Evolution Equation,mathematical_object,1,1,2,0.000261098036109078,0,1260,3,False,True,2,2,0
854,@master_variable,Master Variable,mathematical_object,419,135,554,0.002717416527786566,0,1260,1,False,True,4,4,0
855,@mathematical_graph,@mathematical_graph,mathematical_object,1,1,2,0.00035176703717482735,1,14,6,False,False,2,2,0
856,@mathematical_object,Mathematical Object,mathematical_object,2,0,2,0.0005611478544139167,74,1,7,False,False,2,2,0
857,@matter_action,Matter Action,mathematical_object,439,284,723,0.00323761358053913,0,1260,1,False,True,6,6,0
858,@matter_coupling,Matter Coupling,mathematical_object,438,279,717,0.003157901999640685,0,1260,1,False,True,6,6,0
859,@matter_readable_organization,Matter-Readable Organization,mathematical_object,59,2,61,0.001014869001504149,0,1260,1,False,True,4,4,0
860,@maximal_cauchy_development,Family: `F6_INITIAL_VALUE_ADM`,mathematical_object,53,145,198,0.0005863434044511753,0,1260,1,False,True,2,2,0
861,@maximal_extension,Family: `F9_EXACT_SOLUTIONS`,mathematical_object,5,133,138,0.00018268276582802235,0,1260,1,False,True,2,2,0
862,@memory_effect,Family: `F8_LINEARIZED_GRAVITY_WAVES`,mathematical_object,43,134,177,0.0008718675485654246,0,1260,1,False,True,2,2,0
863,@memory_persistence,Memory Persistence,mathematical_object,1,1,2,0.00011371958044649354,0,1260,2,False,True,2,2,0
864,@merger,Family: `F8_LINEARIZED_GRAVITY_WAVES`,mathematical_object,418,134,552,0.0029360091851806263,0,1260,1,False,True,2,2,0
865,@metric_and_phase_perturbations,Metric and phase perturbations,mathematical_object,2,2,4,0.00035317495893540617,0,1260,2,False,True,2,2,0
866,@metric_compatibility,Metric Compatibility,mathematical_object,31,135,166,0.0004874804262196007,0,1260,1,False,True,3,3,0
867,@metric_compatible_connection,Metric-Compatible Connection,mathematical_object,437,4,441,0.0036228274471983572,0,1260,1,False,True,4,4,0
868,@metric_perturbation,Metric Perturbation,mathematical_object,436,310,746,0.0029478169102273265,0,1260,1,False,True,4,4,0
869,@metric_signature,Metric Signature,mathematical_object,29,133,162,0.00048146606160085327,0,1260,1,False,True,4,4,0
870,@metric_tensor,Metric Tensor,mathematical_object,438,278,716,0.0030096803029560715,0,1260,1,False,True,4,4,0
871,@metric_variation,Metric Variation,mathematical_object,439,280,719,0.0031073589827903454,0,1260,1,False,True,4,4,0
872,@minkowski_spacetime,Minkowski Spacetime,mathematical_object,3,132,135,0.0001681938629852524,0,1260,1,False,True,4,4,0
873,@mirror_handedness,@mirror_handedness,mathematical_object,1,1,2,0.000204795272723581,0,1260,2,False,True,2,2,0
874,@mixed_state,Family: `F15_INFORMATION`,mathematical_object,3,148,151,0.00015211716898748216,0,1260,1,False,True,2,2,0
875,@mode_decomposition,Family: `F13_QFT_CURVED`,mathematical_object,80,164,244,0.0005993344163134341,0,1260,1,False,True,2,2,0
876,@mode_solution,Family: `F13_QFT_CURVED`,mathematical_object,36,136,172,0.00044917915456453865,0,1260,1,False,True,2,2,0
877,@mode_stability,Family: `F16_PERTURBATIONS_STABILITY`,mathematical_object,2,133,135,0.00012951870351432645,0,1260,1,False,True,2,2,0
878,@model_13_4_ensemble_chirality_bias,Model 13.4 — Ensemble Chirality Bias,mathematical_object,1,1,2,0.000204795272723581,0,1260,2,False,True,2,2,0
879,@model_17_1_core_hamiltonian,Model 17.1 — Core Hamiltonian,mathematical_object,1,1,2,0.00024186778934912506,0,1260,2,False,True,2,2,0
880,@modified_light_propagation,Modified Light Propagation,mathematical_object,2,2,4,0.00039925905003331306,0,1260,2,False,True,2,2,0
881,@module_13_sub_planck_phase_thermodynamics,Module 13 — Sub-Planck Phase Thermodynamics,mathematical_object,2,2,4,0.00034298064352290803,0,1260,3,False,True,2,2,0
882,@module_14_gravitational_wave_realization,Module 14 — Gravitational-Wave Realization,mathematical_object,1,1,2,0.000261098036109078,0,1260,3,False,True,2,2,0
883,@module_3_metric_composition,Module 3 — Metric Composition,mathematical_object,1,1,2,0.00020472312235814545,0,1260,2,False,True,2,2,0
884,@module_4_phase_dynamics,Module 4 — Phase Dynamics,mathematical_object,1,1,2,0.000261098036109078,0,1260,3,False,True,2,2,0
885,@module_6_phase_chromatic_coupling,Module 6 — Phase–Chromatic Coupling,mathematical_object,1,1,2,0.000261098036109078,0,1260,3,False,True,2,2,0
886,@molecular_relation_manifold,Molecular Relation Manifold,QFT_GR_SOURCE_OBJECT,1,1,2,0.0002185233887812724,0,1260,3,False,True,1,1,1
887,@momentum_constraint,Family: `F6_INITIAL_VALUE_ADM`,mathematical_object,26,147,173,0.0002390169997201574,0,1260,1,False,True,2,2,0
888,@moral_phase_field,Moral Phase Field,mathematical_object,2,2,4,0.0003903196259263858,0,1260,2,False,True,2,2,0
889,@morphogenesis_flow,Morphogenesis flow,mathematical_object,1,1,2,0.00028070185638968785,0,1260,2,False,True,2,2,0
890,@mote,Mote,mathematical_object,8,159,167,0.00045896643150004023,0,1260,1,False,True,2,2,0
891,@mote_chirality,Mote Chirality,mathematical_object,5,4,9,0.0005514313040777694,0,1260,1,False,True,3,3,0
892,@mote_closure,@mote_closure,mathematical_object,2,1,3,0.00011597547898511593,0,1260,1,False,True,2,2,0
893,@mote_collapse_profile,@mote_collapse_profile,mathematical_object,1,2,3,0.000289782348480514,86,1,3,False,False,2,2,0
894,@mote_configuration_space,Mote Configuration Space,mathematical_object,4,2,6,0.0003189060136316805,0,1260,1,False,True,3,3,0
895,@mote_creation_operator,@mote_creation_operator,mathematical_object,1,3,4,0.00020839546898842603,138,1,2,False,False,2,2,0
896,@mote_diagonal_rule,@mote_diagonal_rule,mathematical_object,1,1,2,0.0002395656173628494,0,1260,2,False,True,2,2,0
897,@mote_ensemble,@mote_ensemble,mathematical_object,3,2,5,0.000539867720333073,0,1260,1,False,True,2,2,0
898,@mote_hilbert_space,Mote Hilbert Space,mathematical_object,3,1,4,0.0004989206866708247,0,1260,2,False,True,3,3,0
899,@mote_identity,@mote_identity,mathematical_object,1,0,1,0.00011491903342239409,28,1,2,False,False,2,2,0
900,@mote_lattice,@mote_lattice,mathematical_object,3,3,6,0.0002457172823111996,0,1260,1,False,True,2,2,0
901,@mote_negative_chirality,@mote_negative_chirality,mathematical_object,1,1,2,0.000204795272723581,0,1260,2,False,True,2,2,0
902,@mote_occupancy_function,@mote_occupancy_function,mathematical_object,2,2,4,0.00029863392230388314,0,1260,2,False,True,2,2,0
903,@mote_positive_chirality,@mote_positive_chirality,mathematical_object,1,1,2,0.000204795272723581,0,1260,2,False,True,2,2,0
904,@multiparticle_gravity,@multiparticle_gravity,mathematical_object,3,2,5,0.000471237774319915,0,1260,2,False,True,2,2,6
905,@multiversal_dynamics_and_phase_correlated_cosmoi,Multiversal Dynamics and Phase-Correlated Cosmoi,mathematical_object,1,1,2,0.000261098036109078,0,1260,3,False,True,2,2,0
906,@multiversal_phase_boundaries_and_cross_cycle_geometry,Multiversal Phase Boundaries and Cross-Cycle Geometry,mathematical_object,1,1,2,0.000261098036109078,0,1260,3,False,True,2,2,0
907,@mutual_information_and_er_weights,Mutual Information and ER Weights,mathematical_object,1,1,2,0.00011452949774880059,0,1260,2,False,True,2,2,0
908,@native_causal_order,@native_causal_order,mathematical_object,417,10,427,0.003090182742032023,0,1260,1,False,True,2,2,0
909,@native_constraint_closure,Native Constraint Closure,mathematical_object,445,10,455,0.0039000033931882493,0,1260,1,False,True,4,4,0
910,@native_graviton_dispersion,Native Graviton Dispersion,mathematical_object,62,9,71,0.0010909291925807136,0,1260,1,False,True,4,4,0
911,@native_graviton_quantization,@native_graviton_quantization,mathematical_object,2,2,4,0.0006179278506626112,0,1260,2,False,True,2,2,0
912,@native_higgs_order_field,Native Higgs Order Field,Field,3,8,11,0.000405655788593918,0,1260,2,False,True,2,2,2
913,@native_higgs_order_space,Native Higgs Order Space,StateSpace,2,12,14,0.0002478961961415702,0,1260,2,False,True,2,2,2
914,@native_higgs_order_state,Native Higgs Order State,State,2,0,2,0.000173306436441689,49,1,3,False,False,2,2,0
915,@native_interaction_factorization,@native_interaction_factorization,mathematical_object,55,8,63,0.0012921700582043181,0,1260,1,False,True,2,2,0
916,@native_mass,Native Mass,Functional,7,8,15,0.0008504856291565867,0,1260,1,False,True,2,2,2
917,@native_mass_operator,Native Mass Operator,Operator,3,4,7,0.0004525401288607307,0,1260,2,False,True,2,2,0
918,@native_probability_preservation,@native_probability_preservation,mathematical_object,417,7,424,0.00340286250201409,0,1260,1,False,True,2,2,0
919,@native_to_projected_higgs_map,Native-to-Projected Higgs Map,Map,2,3,5,0.00025942710284100753,0,1260,2,False,True,2,2,2
920,@native_unit_of_energy,Native Unit Of Energy,mathematical_object,2,2,4,0.00033638685018107597,0,1260,1,False,True,3,3,0
921,@native_vacuum,Native Vacuum Reference,State,3,1,4,0.00040874582227583576,0,1260,2,False,True,2,2,0
922,@native_vacuum_order,Native Higgs Vacuum Order,State,4,2,6,0.0004500819638582419,0,1260,2,False,True,2,2,0
923,@negative_frequency,Family: `F13_QFT_CURVED`,mathematical_object,4,135,139,0.00030169696776346383,0,1260,1,False,True,2,2,0
924,@nervous_system,Nervous System,mathematical_object,1,0,1,0.0003653675106287447,22,1,6,False,False,2,2,0
925,@neural_er_adjacency,Neural ER Adjacency,mathematical_object,1,1,2,0.00020615098643547876,0,1260,3,False,True,2,2,0
926,@neural_phase_field,Neural Phase Field,mathematical_object,3,3,6,0.0005655479636388238,0,1260,2,False,True,2,2,0
927,@neural_phase_field_definition,Neural Phase Field Definition,mathematical_object,2,2,4,0.0003903196259263858,0,1260,2,False,True,2,2,0
928,@neural_phase_geometry_and_behavioral_field_encoding,Neural Phase Geometry and Behavioral Field Encoding,mathematical_object,2,2,4,0.0003903196259263858,0,1260,2,False,True,2,2,0
929,@newman_penrose_formalism,Family: `F4_CURVATURE`,mathematical_object,2,133,135,0.0002132161045558867,0,1260,1,False,True,2,2,0
930,@newtonian_gravity,Newtonian Gravity,mathematical_object,4,1,5,0.00030460968305661595,0,1260,2,False,True,3,3,0
931,@no_hair_theorem,Family: `F10_BLACK_HOLE_GEOMETRY`,mathematical_object,2,133,135,0.00014638327840042195,0,1260,1,False,True,2,2,0
932,@noether_charge,Noether Charge,mathematical_object,12,139,151,0.0003672842749883371,0,1260,1,False,True,4,4,0
933,@noether_identity,Noether Identity,mathematical_object,7,133,140,0.00034227991175545555,0,1260,1,False,True,4,4,0
934,@non_newtonian_fluids_and_plasmas,Non-Newtonian Fluids and Plasmas,mathematical_object,2,2,4,0.00027316115547156033,0,1260,3,False,True,2,2,0
935,@noncompact_cauchy_surface,@noncompact_cauchy_surface,mathematical_object,2,2,4,0.0001617886097592533,0,1260,1,False,True,2,2,0
936,@nonlinear_spectral_resonance_when_operators_interfere,Nonlinear Spectral Resonance: When Operators Interfere,mathematical_object,2,2,4,0.00037965522975270325,0,1260,3,False,True,2,2,0
937,@nonlinear_stability,Family: `F16_PERTURBATIONS_STABILITY`,mathematical_object,2,133,135,0.00012951870351432645,0,1260,1,False,True,2,2,0
938,@normal_coordinates,Family: `F3_CONNECTION_MOTION`,mathematical_object,28,132,160,0.0003893891387745251,0,1260,1,False,True,2,2,0
939,@null_congruence,Family: `F3_CONNECTION_MOTION`,mathematical_object,41,141,182,0.0004969724867520033,0,1260,1,False,True,2,2,0
940,@null_convergence_condition,@null_convergence_condition,mathematical_object,3,13,16,0.00017894354514967598,0,1260,1,False,True,2,2,0
941,@null_curve,Family: `F2_LORENTZIAN_SPACETIME`,mathematical_object,416,135,551,0.0026971224817787065,0,1260,1,False,True,2,2,0
942,@null_energy_condition,Null Energy Condition,mathematical_object,415,139,554,0.002805336568355714,0,1260,1,False,True,4,4,0
943,@null_geodesic,Family: `F3_CONNECTION_MOTION`,mathematical_object,47,150,197,0.0005802471717873661,0,1260,1,False,True,2,2,0
944,@null_geodesic_incompleteness,@null_geodesic_incompleteness,mathematical_object,3,4,7,0.00025386553258558147,0,1260,1,False,True,2,2,0
945,@observational_graph,@observational_graph,mathematical_object,1,1,2,0.00035176703717482735,1,14,6,False,False,2,2,0
946,@observer_dependent_particle,Observer Dependent Particle,mathematical_object,42,140,182,0.0006079446659166041,0,1260,1,False,True,4,4,0
947,@observer_frames_and_chromatic_energy_strata,Observer Frames and Chromatic Energy Strata,mathematical_object,2,1,3,0.0001490117238715951,0,1260,1,False,True,3,3,0
948,@observer_relative_locality,Observer--Relative Locality,mathematical_object,416,132,548,0.002696738999308022,0,1260,1,False,True,3,3,0
949,@occupancy,Occupancy,mathematical_object,34,174,208,0.000366854712475215,0,1260,1,False,True,7,7,0
950,@occurrence,Occurrence,mathematical_object,1,3,4,0.00021440063235770245,2,6,2,False,False,2,2,0
951,@ontological_graph,@ontological_graph,mathematical_object,1,1,2,0.00035176703717482735,1,14,6,False,False,2,2,0
952,@operator_engine_coherence_fields,Operator–Engine Coherence Fields,mathematical_object,1,1,2,0.00024186778934912506,0,1260,2,False,True,2,2,0
953,@optimization_via_phase_gradient_descent,Optimization via Phase-Gradient Descent,mathematical_object,1,1,2,0.000261098036109078,0,1260,3,False,True,2,2,0
954,@ordering,@ordering,mathematical_object,1,1,2,0.00011504690334011943,0,1260,1,False,True,2,2,0
955,@orientation,Orientation,mathematical_object,7,136,143,0.0004502122421598116,0,1260,1,False,True,3,3,0
956,@orientation_history,Orientation History,mathematical_object,3,156,159,0.00020924144987164627,0,1260,1,False,True,4,4,0
957,@oriented_inheritance,Oriented Inheritance,mathematical_object,1,1,2,0.0003318422756782871,84,1,4,False,False,2,2,0
958,@origin_fractal_interaction,Origin-Fractal Interaction,mathematical_object,1,1,2,0.00024186778934912506,0,1260,2,False,True,2,2,0
959,@out_vacuum,@out_vacuum,mathematical_object,4,3,7,0.0003378019621084492,0,1260,1,False,True,2,2,0
960,@outgoing_null_expansion,@outgoing_null_expansion,mathematical_object,3,0,3,0.00021005076525460126,58,1,1,False,False,2,2,0
961,@page_curve,Family: `F15_INFORMATION`,mathematical_object,67,151,218,0.0006826150427253488,0,1260,1,False,True,2,2,0
962,@page_time,Page Time,mathematical_object,65,150,215,0.0006752804056775799,0,1260,1,False,True,4,4,0
963,@parallel_transport,Family: `F3_CONNECTION_MOTION`,mathematical_object,416,137,553,0.0028754019095573262,0,1260,1,False,True,2,2,0
964,@parameter_estimation,Parameter Estimation,mathematical_object,43,134,177,0.0006393278637876904,0,1260,1,False,True,3,3,0
965,@particle_as_stable_knot,Particle-as-Stable-Knot,mathematical_object,1,1,2,0.00024186778934912506,0,1260,2,False,True,2,2,0
966,@particle_creation,Family: `F13_QFT_CURVED`,mathematical_object,72,153,225,0.0007255023267072588,0,1260,1,False,True,2,2,0
967,@particle_horizon,Family: `F18_COSMOLOGY`,mathematical_object,36,134,170,0.0005960988143722582,0,1260,1,False,True,2,2,0
968,@particle_number_operator,Particle Number Operator,mathematical_object,3,1,4,0.0002786999041925826,0,1260,1,False,True,3,3,0
969,@particle_readable_organization,Particle Readable Organization,mathematical_object,51,3,54,0.0009870314692545644,0,1260,1,False,True,4,4,0
970,@particle_sector_helicons,Particle Sector: Helicons,mathematical_object,1,1,2,0.00024186778934912506,0,1260,2,False,True,2,2,0
971,@partition_of_unity,Family: `F1_DIFFERENTIAL_FOUNDATION`,mathematical_object,10,134,144,0.00020979434979648498,0,1260,1,False,True,2,2,0
972,@past_null_infinity,Family: `F2_LORENTZIAN_SPACETIME`,mathematical_object,30,132,162,0.0004114369214198569,0,1260,1,False,True,2,2,0
973,@pattern_recognition,Pattern Recognition,mathematical_object,416,131,547,0.0039092061779827806,0,1260,1,False,True,2,2,0
974,@penrose_diagram,Family: `F11_PENROSE_GLOBAL`,mathematical_object,31,132,163,0.00042777778499882073,0,1260,1,False,True,2,2,0
975,@penrose_singularity_theorem,Penrose Singularity Theorem,mathematical_object,420,142,562,0.0027298854783138846,0,1260,1,False,True,4,4,0
976,@perihelion_precession,Family: `F17_OBSERVABLES`,mathematical_object,2,134,136,0.0001179156576733995,0,1260,1,False,True,2,2,0
977,@persistence,Persistence,mathematical_object,44,161,205,0.0012258030633043576,0,1260,0,True,True,9,9,0
978,@persistence_potential,Persistence Potential,mathematical_object,33,172,205,0.00030780945343159363,0,1260,1,False,True,4,4,0
979,@persistence_thickening_threshold,Persistence-Thickening / Readable-Time Threshold,Condition,1,1,2,0.00014942388722854436,0,1260,2,False,True,2,2,0
980,@persistent_boundary,Persistent Boundary,mathematical_object,44,155,199,0.00030972266003255965,0,1260,1,False,True,7,7,0
981,@persistent_cellular_identity,Persistent Cellular Identity,mathematical_object,2,1,3,0.0005670495222619782,3,2,4,False,False,2,2,0
982,@persistent_locus,Persistent Locus,mathematical_object,40,153,193,0.00022460188179714667,0,1260,1,False,True,4,4,0
983,@persistent_recursive_topology,Persistent Recursive Topology,mathematical_object,40,174,214,0.0007214046360568476,0,1260,1,False,True,4,4,0
984,@persistent_topology,@persistent_topology,mathematical_object,2,3,5,0.0005362955568362914,0,1260,2,False,True,2,2,0
985,@petrov_classification,Family: `F4_CURVATURE`,mathematical_object,30,134,164,0.0004845396337448248,0,1260,1,False,True,2,2,0
986,@phase_action,Phase Action,mathematical_object,2,2,4,0.0003903196259263858,0,1260,2,False,True,2,2,0
987,@phase_alignment_and_cosmic_acceleration,Phase Alignment and Cosmic Acceleration,mathematical_object,1,1,2,0.000261098036109078,0,1260,3,False,True,2,2,0
988,@phase_based_logic_gates,Phase-Based Logic Gates,mathematical_object,1,1,2,0.000261098036109078,0,1260,3,False,True,2,2,0
989,@phase_boundary_conditions,Phase Boundary Conditions,mathematical_object,1,1,2,0.000261098036109078,0,1260,3,False,True,2,2,0
990,@phase_chromatic_coupling,Phase--Chromatic Coupling,mathematical_object,1,1,2,0.000261098036109078,0,1260,3,False,True,2,2,0
991,@phase_coherence_criterion,Phase Coherence Criterion,mathematical_object,1,1,2,0.000261098036109078,0,1260,3,False,True,2,2,0
992,@phase_coherent_civilizations_and_collective_stability,Phase-Coherent Civilizations and Collective Stability,mathematical_object,1,1,2,0.000261098036109078,0,1260,3,False,True,2,2,0
993,@phase_compatible_environments_and_supportive_cognitive_geometry,Phase-Compatible Environments and Supportive Cognitive Geometry,mathematical_object,1,1,2,0.000261098036109078,0,1260,3,False,True,2,2,0
994,@phase_consistent_shadows,Phase-Consistent Shadows,mathematical_object,1,1,2,0.000261098036109078,0,1260,3,False,True,2,2,0
995,@phase_control_logic_and_field_computing,Phase-Control Logic and Field Computing,mathematical_object,2,2,4,0.0003903196259263858,0,1260,2,False,True,2,2,0
996,@phase_correlation_across_universes,Phase-Correlation Across Universes,mathematical_object,1,1,2,0.000261098036109078,0,1260,3,False,True,2,2,0
997,@phase_cosmology_and_background_solutions,Phase Cosmology and Background Solutions,mathematical_object,1,1,2,0.000261098036109078,0,1260,3,False,True,2,2,0
998,@phase_cosmology_and_holographic_horizons,Phase Cosmology and Holographic Horizons,mathematical_object,1,1,2,0.000261098036109078,0,1260,3,False,True,2,2,0
999,@phase_driven_atmospheric_dynamics,Phase-Driven Atmospheric Dynamics,mathematical_object,2,2,4,0.0003837302031365047,0,1260,3,False,True,2,2,0
1000,@phase_driven_irreversibility_and_the_arrow_of_time,Phase-Driven Irreversibility and the Arrow of Time,mathematical_object,1,1,2,0.000261098036109078,0,1260,3,False,True,2,2,0
1001,@phase_driven_morphogenesis,Phase-Driven Morphogenesis,mathematical_object,1,1,2,0.000261098036109078,0,1260,3,False,True,2,2,0
1002,@phase_driven_stellar_evolution_and_end_states,Phase-Driven Stellar Evolution and End States,mathematical_object,1,1,2,0.000261098036109078,0,1260,3,False,True,2,2,0
1003,@phase_embedding_map,Phase Embedding Map,mathematical_object,1,1,2,0.000261098036109078,0,1260,3,False,True,2,2,0
1004,@phase_engineered_materials_and_metastructures,Phase-Engineered Materials and Metastructures,mathematical_object,2,2,4,0.00038967680630501466,0,1260,3,False,True,2,2,0
1005,@phase_equation_of_motion,Phase equation of motion,mathematical_object,1,1,2,0.000261098036109078,0,1260,3,False,True,2,2,0
1006,@phase_evolution_equation,Phase Evolution Equation,mathematical_object,1,1,2,0.000261098036109078,0,1260,3,False,True,2,2,0
1007,@phase_evolution_on_cosmological_horizons,Phase Evolution on Cosmological Horizons,mathematical_object,1,1,2,0.000261098036109078,0,1260,3,False,True,2,2,0
1008,@phase_field,Phase field,mathematical_object,2,2,4,0.0003903196259263858,0,1260,2,False,True,2,2,0
1009,@phase_field_armor_and_kinetic_nullification,Phase-Field Armor and Kinetic Nullification,mathematical_object,2,2,4,0.0003903196259263858,0,1260,2,False,True,2,2,0
1010,@phase_field_primacy,Phase--Field Primacy,mathematical_object,2,2,4,0.0003903196259263858,0,1260,2,False,True,2,2,0
1011,@phase_field_time_as_geometry,Phase Field (Time as Geometry),mathematical_object,2,2,4,0.0003903196259263858,0,1260,2,False,True,2,2,0
1012,@phase_geometry_of_societal_evolution_and_macro_historical_cycles,Phase Geometry of Societal Evolution and Macro-Historical Cycles,mathematical_object,1,1,2,0.000261098036109078,0,1260,3,False,True,2,2,0
1013,@phase_gradient_evolution,Phase Gradient Evolution,mathematical_object,1,1,2,0.000261098036109078,0,1260,3,False,True,2,2,0
1014,@phase_gradient_magnitude,Phase-gradient magnitude,mathematical_object,1,1,2,0.000261098036109078,0,1260,3,False,True,2,2,0
1015,@phase_gradient_spiral_dynamics,Phase-Gradient Spiral Dynamics,mathematical_object,1,1,2,0.000261098036109078,0,1260,3,False,True,2,2,0
1016,@phase_gradient_thrust,Phase-Gradient Thrust,mathematical_object,1,1,2,0.000261098036109078,0,1260,3,False,True,2,2,0
1017,@phase_gravitational_wave_equations,Phase-Gravitational Wave Equations,mathematical_object,436,4,440,0.002923722876758386,0,1260,1,False,True,4,4,0
1018,@phase_induced_deviations_in_gravitational_lensing,Phase-Induced Deviations in Gravitational Lensing,mathematical_object,1,1,2,0.000261098036109078,0,1260,3,False,True,2,2,0
1019,@phase_load_distribution,Phase-Load Distribution,mathematical_object,1,1,2,0.000261098036109078,0,1260,3,False,True,2,2,0
1020,@phase_megastructures,Phase Megastructures,mathematical_object,2,2,4,0.0003837302031365047,0,1260,3,False,True,2,2,0
1021,@phase_metric,Phase metric,mathematical_object,4,4,8,0.0005385488180619952,0,1260,2,False,True,3,3,0
1022,@phase_metric_and_geodesics,Phase Metric and Geodesics,mathematical_object,2,2,4,0.00035317495893540617,0,1260,2,False,True,2,2,0
1023,@phase_metric_and_time_as_geometry,Phase Metric and Time as Geometry,mathematical_object,2,2,4,0.00035317495893540617,0,1260,2,False,True,2,2,0
1024,@phase_metric_contribution,Phase Metric Contribution,mathematical_object,2,2,4,0.00035317495893540617,0,1260,2,False,True,2,2,0
1025,@phase_monotonicity,Phase Monotonicity,mathematical_object,1,1,2,0.000261098036109078,0,1260,3,False,True,2,2,0
1026,@phase_order_below_the_planck_scale,Phase Order Below the Planck Scale,mathematical_object,1,1,2,0.000261098036109078,0,1260,3,False,True,2,2,0
1027,@phase_penrose_diagrams,Phase Penrose Diagrams,mathematical_object,1,1,2,0.000261098036109078,0,1260,3,False,True,2,2,0
1028,@phase_regulated_fusion_stability,Phase-Regulated Fusion Stability,mathematical_object,2,1,3,0.0003568473055656868,0,1260,3,False,True,2,2,0
1029,@phase_reinforced_materials,Phase-Reinforced Materials,mathematical_object,2,2,4,0.00038967680630501466,0,1260,3,False,True,2,2,0
1030,@phase_responsive_lattices,Phase-Responsive Lattices,mathematical_object,2,2,4,0.00038967680630501466,0,1260,3,False,True,2,2,0
1031,@phase_shear_tensor,Phase Shear Tensor,mathematical_object,2,2,4,0.0003837302031365047,0,1260,3,False,True,2,2,0
1032,@phase_shell_chromatic_fields_and_er_foam,"Phase shell, chromatic fields, and ER foam",mathematical_object,2,2,4,0.0003903196259263858,0,1260,2,False,True,2,2,0
1033,@phase_shell_emergence,Phase-Shell Emergence,mathematical_object,1,1,2,0.000261098036109078,0,1260,3,False,True,2,2,0
1034,@phase_shell_emergence_the_shimmering_lattice,Phase–Shell Emergence: The Shimmering Lattice,mathematical_object,2,2,4,0.00038967680630501466,0,1260,3,False,True,2,2,0
1035,@phase_shell_reintegration,Phase--Shell Reintegration,mathematical_object,1,1,2,0.000261098036109078,0,1260,3,False,True,2,2,0
1036,@phase_stability_bands,Phase-Stability Bands,mathematical_object,1,1,2,0.000261098036109078,0,1260,3,False,True,2,2,0
1037,@phase_stress_energy,Phase stress-energy,mathematical_object,5,4,9,0.000620086656464816,0,1260,2,False,True,4,4,0
1038,@phase_stress_energy_output,Phase Stress-Energy Output,mathematical_object,2,2,4,0.00035317495893540617,0,1260,2,False,True,2,2,0
1039,@phase_structure,@phase_structure,mathematical_object,53,134,187,0.00039328959812225686,0,1260,1,False,True,2,2,0
1040,@phase_structure_of_the_ism,Phase Structure of the ISM,mathematical_object,417,4,421,0.003646184985590209,0,1260,1,False,True,2,2,0
1041,@phase_transitions,Phase Transitions,mathematical_object,1,1,2,0.000261098036109078,0,1260,3,False,True,2,2,0
1042,@phase_unity_condition,Phase-unity condition,mathematical_object,1,1,2,0.000261098036109078,0,1260,3,False,True,2,2,0
1043,@phasefield,PhaseField,mathematical_object,4,9,13,0.0005675872648634022,0,1260,1,False,True,4,4,0
1044,@photon_phase_shift,Photon Phase Shift,mathematical_object,3,3,6,0.00043133690501231497,0,1260,3,False,True,2,2,0
1045,@photon_sphere,Family: `F10_BLACK_HOLE_GEOMETRY`,mathematical_object,39,138,177,0.0006315283725754042,0,1260,1,False,True,2,2,0
1046,@physical_process_first_law,Family: `F12_BLACK_HOLE_MECHANICS`,mathematical_object,54,139,193,0.0006686015454179354,0,1260,1,False,True,2,2,0
1047,@planck_landscape,Planck Landscape,mathematical_object,3,2,5,0.00024753526156103515,0,1260,2,False,True,2,2,0
1048,@planetary_phase_fields_and_macro_scale_stability,Planetary Phase Fields and Macro-Scale Stability,mathematical_object,2,2,4,0.0003903196259263858,0,1260,2,False,True,2,2,0
1049,@plus_polarization,Family: `F8_LINEARIZED_GRAVITY_WAVES`,mathematical_object,43,135,178,0.0009013737441963351,0,1260,1,False,True,2,2,0
1050,@pontryagin_scalar,Family: `F4_CURVATURE`,mathematical_object,29,133,162,0.00048146606160085327,0,1260,1,False,True,2,2,0
1051,@portal,Portal,ValidatedRouteShortcut,1,1,2,0.00014291421829441462,62,1,2,False,False,1,1,0
1052,@positive_frequency,Family: `F13_QFT_CURVED`,mathematical_object,49,149,198,0.0006376533135103986,0,1260,1,False,True,2,2,0
1053,@post_newtonian_expansion,Family: `F8_LINEARIZED_GRAVITY_WAVES`,mathematical_object,31,134,165,0.0006473766263615543,0,1260,1,False,True,2,2,0
1054,@post_newtonian_gravity,Post Newtonian Gravity,mathematical_object,2,1,3,0.00023522663902496866,0,1260,2,False,True,3,3,0
1055,@price_law,Family: `F16_PERTURBATIONS_STABILITY`,mathematical_object,2,133,135,0.00012951870351432645,0,1260,1,False,True,2,2,0
1056,@prime_dependency_calculus,Prime Dependency Calculus,mathematical_object,2,2,4,0.00030552090117394166,2,6,4,False,False,2,2,0
1057,@prime_mathematical_object,Prime Mathematical Object,mathematical_object,1,2,3,0.00021440063235770245,2,6,4,False,False,2,2,0
1058,@primitive_p1,Primitive P1 — Temporal Metric,mathematical_object,1,1,2,0.00020472312235814545,0,1260,2,False,True,2,2,0
1059,@primitive_p12,Primitive P12 — Residue / Quantum Field Bundle,mathematical_object,1,1,2,0.00024186778934912506,0,1260,2,False,True,2,2,0
1060,@primitive_p13,Primitive P13 — Hermitian Metric,mathematical_object,1,1,2,0.00020472312235814545,0,1260,2,False,True,2,2,0
1061,@primitive_p15,Primitive P15 — Curvature,mathematical_object,1,1,2,0.00020472312235814545,0,1260,2,False,True,2,2,0
1062,@primitive_p16,Primitive P16 — Field Section,mathematical_object,1,1,2,0.00024186778934912506,0,1260,2,False,True,2,2,0
1063,@primitive_p18,Primitive P18 — Quantum Action Functional,mathematical_object,1,1,2,0.00024186778934912506,0,1260,2,False,True,2,2,0
1064,@primitive_p5,Primitive P5 — Chirality Space,mathematical_object,1,1,2,0.000204795272723581,0,1260,2,False,True,2,2,0
1065,@primitive_p6,Primitive P6 — Chirality Map,mathematical_object,1,1,2,0.000204795272723581,0,1260,2,False,True,2,2,0
1066,@primitive_p7,Primitive P7 — Chirality Transport,mathematical_object,2,2,4,0.00037285092958145156,0,1260,2,False,True,2,2,0
1067,@primordial_black_hole,Primordial Black Hole,mathematical_object,38,136,174,0.000504820247258291,0,1260,1,False,True,4,4,0
1068,@principle_13_3_genesis_chirality_symmetry,Principle 13.3 — Genesis Chirality Symmetry,mathematical_object,1,1,2,0.000204795272723581,0,1260,2,False,True,2,2,0
1069,@processor_hamiltonians,Processor Hamiltonians,mathematical_object,1,1,2,0.00024186778934912506,0,1260,2,False,True,2,2,0
1070,@programmable_matter_principles,Programmable Matter Principles,mathematical_object,1,1,2,0.0002290140369933843,0,1260,2,False,True,2,2,0
1071,@projected_gr_inheritance,Projected Gr Inheritance,mathematical_object,1,4,5,0.00014354596225168894,0,1260,1,False,True,3,3,6
1072,@projected_higgs_field,Projected Higgs Field,Field,6,2,8,0.0007612092526481936,0,1260,2,False,True,2,2,0
1073,@projected_higgs_vacuum,Projected Higgs Vacuum,State,3,2,5,0.0005381215246911067,0,1260,2,False,True,2,2,2
1074,@projected_mode_space,Projected Mode Space,StateSpace,2,2,4,0.0003251788067149907,0,1260,2,False,True,2,2,0
1075,@projected_spacetime_metric,Projected Spacetime Metric,mathematical_object,438,132,570,0.0029323259631161918,0,1260,1,False,True,4,4,0
1076,@projected_stress_energy_sector,Projected Stress-Energy Sector,mathematical_object,3,3,6,0.0003489339777638874,0,1260,2,False,True,3,3,0
1077,@projection_admissibility,Projection Admissibility,mathematical_object,42,153,195,0.00030309988078440963,0,1260,1,False,True,4,4,0
1078,@projective_target_manifold,Projective Target Manifold,mathematical_object,3,1,4,0.000555228122678789,0,1260,2,False,True,5,5,0
1079,@proof_dependency_graph,Proof Dependency Graph,mathematical_object,1,2,3,0.00035176703717482735,1,14,6,False,False,2,2,0
1080,@propagation,@propagation,mathematical_object,53,136,189,0.0004128081149190284,0,1260,1,False,True,2,2,0
1081,@propagation_operator,Propagation Operator,mathematical_object,420,5,425,0.004732136788700209,0,1260,1,False,True,2,2,0
1082,@propagation_phase_shift,Propagation phase shift,mathematical_object,2,2,4,0.00042915369296694857,0,1260,2,False,True,2,2,0
1083,@proper_distance,Proper Distance,mathematical_object,28,132,160,0.0003893891387745251,0,1260,1,False,True,4,4,0
1084,@proper_time,Proper Time,mathematical_object,34,135,169,0.000566043527572227,0,1260,1,False,True,4,4,0
1085,@psychological_phase_distortions_and_cognitive_stability,Psychological Phase Distortions and Cognitive Stability,mathematical_object,1,1,2,0.000261098036109078,0,1260,3,False,True,2,2,0
1086,@pullback,Family: `F1_DIFFERENTIAL_FOUNDATION`,mathematical_object,9,133,142,0.000208463583671012,0,1260,1,False,True,2,2,0
1087,@pure_state,Family: `F15_INFORMATION`,mathematical_object,3,148,151,0.00015211716898748216,0,1260,1,False,True,2,2,0
1088,@pushforward,Family: `F1_DIFFERENTIAL_FOUNDATION`,mathematical_object,9,133,142,0.000208463583671012,0,1260,1,False,True,2,2,0
1089,@qft_gr_bridge,Admiral's Rosetta Bridge,QMO,3,1,4,0.0001879856510895378,0,1260,2,False,True,2,2,1
1090,@quadrupole_formula,Family: `F8_LINEARIZED_GRAVITY_WAVES`,mathematical_object,418,135,553,0.002936146277106079,0,1260,1,False,True,2,2,0
1091,@quantum_action_functional,Quantum Action Functional,mathematical_object,3,1,4,0.00031215469033634536,0,1260,2,False,True,3,3,0
1092,@quantum_action_principle,Quantum Action Principle,mathematical_object,1,1,2,0.00024186778934912506,0,1260,2,False,True,2,2,0
1093,@quantum_computing_in_mk_43,Quantum Computing in MK-43,mathematical_object,1,1,2,0.00024186778934912506,0,1260,2,False,True,2,2,0
1094,@quantum_extremal_surface,Family: `F15_INFORMATION`,mathematical_object,55,154,209,0.0007706692646465807,0,1260,1,False,True,2,2,0
1095,@quantum_field_deduction,Quantum Field Deduction,mathematical_object,1,1,2,0.00024186778934912506,0,1260,2,False,True,3,3,0
1096,@quantum_field_in_curved_spacetime,Quantum Field In Curved Spacetime,mathematical_object,90,170,260,0.0009382157933696132,0,1260,1,False,True,4,4,0
1097,@quantum_fisher_information,Quantum Fisher Information,mathematical_object,1,1,2,0.00024186778934912506,0,1260,2,False,True,2,2,0
1098,@quantum_fisher_metric,Quantum Fisher metric,mathematical_object,2,2,4,0.00033394471217545324,0,1260,2,False,True,2,2,0
1099,@quantum_information_geometry_in_mk_43_ultra,Quantum Information Geometry in MK--43 Ultra,mathematical_object,3,3,6,0.0003046000816082694,0,1260,2,False,True,3,3,0
1100,@quantum_lattices_and_smooth_operators,Quantum Lattices and Smooth Operators,mathematical_object,2,2,4,0.0003704465595450617,0,1260,2,False,True,2,2,0
1101,@quantum_mechanics_emergence,Quantum Mechanics Emergence,mathematical_object,1,1,2,0.00024186778934912506,0,1260,2,False,True,2,2,0
1102,@quantum_mk_43_processors,Quantum MK 43 Processors,mathematical_object,1,1,2,0.00024186778934912506,0,1260,2,False,True,2,2,0
1103,@quantum_state_over_geometry,Quantum State over Geometry,mathematical_object,1,1,2,0.00024186778934912506,0,1260,2,False,True,2,2,0
1104,@quasinormal_frequency,Family: `F16_PERTURBATIONS_STABILITY`,mathematical_object,54,133,187,0.0008768793977548298,0,1260,1,False,True,2,2,0
1105,@quasinormal_mode,Family: `F16_PERTURBATIONS_STABILITY`,mathematical_object,419,134,553,0.0027172896485917896,0,1260,1,False,True,2,2,0
1106,@radiative_stability,@radiative_stability,mathematical_object,1,0,1,0.0002156783990963897,16,1,2,False,False,2,2,6
1107,@rainbow_road,Rainbow Road,DependencyRouteFabric,2,6,8,0.00021365660185441266,0,1260,1,False,True,3,3,5
1108,@raychaudhuri_equation,Family: `F3_CONNECTION_MOTION`,mathematical_object,417,134,551,0.002708622955247568,0,1260,1,False,True,2,2,0
1109,@re_expansion,Re-expansion,mathematical_object,3,149,152,0.0006866585032436295,0,1260,1,False,True,2,2,0
1110,@readable_graviton_projection,Readable Graviton Projection,mathematical_object,9,133,142,0.0011269476218893184,0,1260,1,False,True,3,3,13
1111,@readable_mass_translation,Readable Mass Translation,Map,2,2,4,0.0003193781350727908,0,1260,2,False,True,2,2,0
1112,@readable_space_time,Readable Space-Time,mathematical_object,435,307,742,0.0035353334744089317,0,1260,1,False,True,4,4,0
1113,@readable_spacetime,Readable Spacetime,mathematical_object,1,0,1,0.0005127827592491934,11,1,2,False,False,3,3,0
1114,@real_time_diagnostic_field,Real-Time Diagnostic Field,mathematical_object,1,1,2,0.00024186778934912506,0,1260,2,False,True,2,2,0
1115,@realization_graph,@realization_graph,mathematical_object,1,1,2,0.00035176703717482735,1,14,6,False,False,2,2,0
1116,@reasoning_through_resonant_recursion,Reasoning Through Resonant Recursion,mathematical_object,1,1,2,0.000261098036109078,0,1260,3,False,True,2,2,0
1117,@recoverability,@recoverability,mathematical_object,1,1,2,0.00011911783035286811,32,1,1,False,False,2,2,0
1118,@recovered_geometric,@recovered_geometric,mathematical_object,1,1,2,0.00020472312235814545,0,1260,2,False,True,2,2,0
1119,@recovered_interaction_triad,Recovered Interaction Triad,mathematical_object,1,1,2,0.00024186778934912506,0,1260,2,False,True,2,2,0
1120,@recursive_chirality_evolution_field,Recursive Chirality Evolution Field,mathematical_object,3,3,6,0.0004695519439585138,0,1260,2,False,True,3,3,0
1121,@recursive_continuity,Recursive Continuity,mathematical_object,1,1,2,0.00038499973833037597,0,1260,1,False,True,3,3,0
1122,@recursive_depth,Recursive Depth,mathematical_object,33,172,205,0.0001936480733869551,0,1260,1,False,True,4,4,0
1123,@recursive_inheritance,Recursive Inheritance,mathematical_object,34,172,206,0.00048433987351991116,0,1260,1,False,True,4,4,0
1124,@recursive_occupancy,@recursive_occupancy,mathematical_object,1,1,2,0.0002290140369933843,0,1260,2,False,True,2,2,0
1125,@recursive_occupancy_projection_operator,@recursive_occupancy_projection_operator,mathematical_object,1,1,2,0.0002290140369933843,0,1260,2,False,True,2,2,0
1126,@recursive_ordering,Recursive Ordering,mathematical_object,2,2,4,0.0004971301498827847,0,1260,2,False,True,3,3,0
1127,@recursive_propagation_in_collapse_regions,Recursive Propagation in Collapse Regions,mathematical_object,1,1,2,0.00028070185638968785,0,1260,2,False,True,2,2,0
1128,@recursive_stabilization,Recursive Stabilization,mathematical_object,1,1,2,0.00044015582654524546,0,1260,2,False,True,3,3,0
1129,@redshift,Family: `F17_OBSERVABLES`,mathematical_object,35,136,171,0.0005619263325190768,0,1260,1,False,True,2,2,0
1130,@redshift_effect,Family: `F16_PERTURBATIONS_STABILITY`,mathematical_object,48,133,181,0.0007438192815804892,0,1260,1,False,True,2,2,0
1131,@reflective_field,Reflective Field,mathematical_object,1,1,2,0.00024186778934912506,0,1260,2,False,True,2,2,0
1132,@reflective_fields_and_meta_cognitive_feedback,Reflective Fields and Meta-Cognitive Feedback,mathematical_object,1,1,2,0.00024186778934912506,0,1260,2,False,True,2,2,0
1133,@reflective_phase_component,Reflective Phase Component,mathematical_object,1,1,2,0.000261098036109078,0,1260,3,False,True,2,2,0
1134,@regge_wheeler_equation,Regge Wheeler Equation,mathematical_object,419,134,553,0.0027172896485917896,0,1260,1,False,True,4,4,0
1135,@reissner_nordstrom_geometry,Reissner Nordstrom Geometry,mathematical_object,30,134,164,0.0003950103090128967,0,1260,1,False,True,4,4,0
1136,@relational_history,Relational History,mathematical_object,8,156,164,0.0003828262528836242,0,1260,1,False,True,4,4,0
1137,@relationship,Relationship,mathematical_object,3,3,6,0.00012421367138093804,0,1260,1,False,True,4,4,0
1138,@renormalized_stress_energy_tensor,Renormalized Stress Energy Tensor,mathematical_object,45,145,190,0.0005683711102293503,0,1260,1,False,True,4,4,0
1139,@representation_graph,@representation_graph,mathematical_object,1,1,2,0.00035176703717482735,1,14,6,False,False,2,2,0
1140,@residue_quantum_field_bundle,Residue / Quantum Field Bundle,mathematical_object,10,3,13,0.0010690465163677586,0,1260,2,False,True,6,6,0
1141,@resolution,Resolution,mathematical_object,39,173,212,0.00041493915875955815,0,1260,0,True,True,10,10,0
1142,@resolution_landscape,resolution landscape,resolution/readout object,1,0,1,0.00012461485821389337,78,1,2,False,False,2,2,0
1143,@resonance_alignment,Resonance alignment,mathematical_object,2,3,5,0.00026284207917408434,0,1260,2,False,True,2,2,0
1144,@resonance_and_binding,Resonance and binding,mathematical_object,1,1,2,0.000261098036109078,0,1260,3,False,True,2,2,0
1145,@resonant_alignment,Resonant alignment,mathematical_object,1,1,2,0.000261098036109078,0,1260,3,False,True,2,2,0
1146,@resonant_trust_networks,Resonant Trust Networks,mathematical_object,1,1,2,0.000261098036109078,0,1260,3,False,True,2,2,0
1147,@rho_QCD,QFT Handoff -> QCD Readout,partial_map,1,1,2,0.00035551773060097606,64,1,6,False,False,1,1,0
1148,@ricci_curvature,Ricci Curvature,mathematical_object,2,2,4,0.0009602026065490463,0,1260,2,False,True,2,2,0
1149,@ricci_scalar,Family: `F4_CURVATURE`,mathematical_object,417,277,694,0.002797596604113267,0,1260,1,False,True,2,2,0
1150,@ricci_tensor,Family: `F4_CURVATURE`,mathematical_object,417,277,694,0.002797596604113267,0,1260,1,False,True,2,2,0
1151,@riemann_curvature,Riemann Curvature,mathematical_object,417,4,421,0.003555197653400001,0,1260,1,False,True,2,2,0
1152,@riemann_sphere,@riemann_sphere,mathematical_object,2,2,4,0.0004176516950568606,0,1260,2,False,True,2,2,0
1153,@riemann_symmetries,Family: `F4_CURVATURE`,mathematical_object,3,134,137,0.0003053651777476504,0,1260,1,False,True,2,2,0
1154,@riemann_tensor,Family: `F4_CURVATURE`,mathematical_object,417,280,697,0.002797688304478918,0,1260,1,False,True,2,2,0
1155,@right_chirality_seed,@right_chirality_seed,mathematical_object,2,1,3,0.0002583298527484649,0,1260,2,False,True,2,2,0
1156,@ring_singularity,Ring Singularity,mathematical_object,3,132,135,0.0001721086756397524,0,1260,1,False,True,4,4,0
1157,@ringdown,Family: `F8_LINEARIZED_GRAVITY_WAVES`,mathematical_object,422,135,557,0.0032814339807164224,0,1260,1,False,True,2,2,0
1158,@ringdown_observable,Family: `F17_OBSERVABLES`,mathematical_object,55,133,188,0.0007530220776663966,0,1260,1,False,True,2,2,0
1159,@rise_of_the_resonance_vanguard,Rise of the Resonance Vanguard,mathematical_object,1,1,2,0.000261098036109078,0,1260,3,False,True,2,2,0
1160,@road_state,Complete Road State,typed_state,0,1,1,0.00011264619953181728,139,1,3,False,False,1,1,0
1161,@role_of_the_phase_field_in_expansion,Role of the Phase Field in Expansion,mathematical_object,2,2,4,0.0003903196259263858,0,1260,2,False,True,2,2,0
1162,@rotation_curve_response,Rotation-curve response,mathematical_object,2,0,2,0.00020839546898842603,140,1,4,False,False,3,3,0
1163,@rotation_curves,Rotation Curves,mathematical_object,1,0,1,0.00016052083426012164,141,1,6,False,False,2,2,0
1164,@rotational_collapse_resonance,Rotational–Collapse Resonance,mathematical_object,1,1,2,0.000261098036109078,0,1260,3,False,True,2,2,0
1165,@rotational_helicon_mode,Rotational Helicon Mode,mathematical_object,59,1,60,0.00030373179370232116,0,1260,1,False,True,4,4,0
1166,@rotational_symmetry_condition,Rotational symmetry condition,mathematical_object,1,1,2,0.000204795272723581,0,1260,2,False,True,2,2,0
1167,@rotational_symmetry_constraint,Rotational Symmetry Constraint,mathematical_object,3,2,5,0.00030710768820027936,0,1260,1,False,True,2,2,0
1168,@scalar_curvature,Scalar Curvature,mathematical_object,2,2,4,0.0006128092112617723,0,1260,2,False,True,2,2,0
1169,@scale_factor,Family: `F18_COSMOLOGY`,mathematical_object,414,137,551,0.0026766628816637136,0,1260,1,False,True,2,2,0
1170,@scattering_audit,@scattering_audit,mathematical_object,1,0,1,0.000249939261676279,17,1,2,False,False,2,2,0
1171,@schouten_tensor,Family: `F4_CURVATURE`,mathematical_object,29,133,162,0.00048146606160085327,0,1260,1,False,True,2,2,0
1172,@schwarzschild_geometry,Schwarzschild Geometry,mathematical_object,414,171,585,0.0026799485325054266,0,1260,1,False,True,4,4,0
1173,@schwarzschild_radius,Family: `F9_EXACT_SOLUTIONS`,mathematical_object,414,165,579,0.002679466601311214,0,1260,1,False,True,2,2,0
1174,@screen_projector,Screen Projector,mathematical_object,34,4,38,0.00044253581424935,0,1260,1,False,True,3,3,0
1175,@second_bianchi_identity,Family: `F4_CURVATURE`,mathematical_object,34,138,172,0.0004969600005789436,0,1260,1,False,True,2,2,0
1176,@second_law_black_hole_mechanics,Second Law Black Hole Mechanics,mathematical_object,58,141,199,0.000708287092959397,0,1260,1,False,True,4,4,0
1177,@sectional_curvature,Family: `F4_CURVATURE`,mathematical_object,29,133,162,0.00048146606160085327,0,1260,1,False,True,2,2,0
1178,@sector_density_decomposition,Sector Density Decomposition,mathematical_object,2,2,4,0.000357592807189321,0,1260,2,False,True,2,2,0
1179,@semantic_graph,@semantic_graph,mathematical_object,1,1,2,0.00035176703717482735,1,14,6,False,False,2,2,0
1180,@semiclassical_einstein_equation,Semiclassical Einstein Equation,mathematical_object,3,3,6,0.0002408564994994955,0,1260,1,False,True,3,3,0
1181,@semiclassical_gravity,Semiclassical Gravity,mathematical_object,46,145,191,0.00063621606839578,0,1260,1,False,True,4,4,0
1182,@serialized_chirality_byte,@serialized_chirality_byte,mathematical_object,1,1,2,0.000204795272723581,0,1260,2,False,True,2,2,0
1183,@shadow_observable,Family: `F17_OBSERVABLES`,mathematical_object,37,137,174,0.0004529745256506316,0,1260,1,False,True,2,2,0
1184,@shapiro_delay,Family: `F17_OBSERVABLES`,mathematical_object,34,134,168,0.0004434735176392324,0,1260,1,False,True,2,2,0
1185,@shear_collapse_under_spectral_damping,Shear Collapse Under Spectral Damping,mathematical_object,2,2,4,0.00035383556020286916,0,1260,3,False,True,2,2,0
1186,@shear_compensation,Shear Compensation,mathematical_object,4,149,153,0.00031040981620008613,0,1260,1,False,True,2,2,0
1187,@shear_helicon_compensation,Shear–Helicon Compensation,mathematical_object,1,1,2,0.0002352783665592439,0,1260,3,False,True,2,2,0
1188,@shear_tensor,Family: `F3_CONNECTION_MOTION`,mathematical_object,419,135,554,0.0029240647661714415,0,1260,1,False,True,2,2,0
1189,@shear_tensor_under_phase_kernel,Shear Tensor Under Phase Kernel,mathematical_object,2,2,4,0.0003837302031365047,0,1260,3,False,True,2,2,0
1190,@shell_action,Shell Action,mathematical_object,1,1,2,0.00024186778934912506,0,1260,2,False,True,2,2,0
1191,@shift_vector,Family: `F6_INITIAL_VALUE_ADM`,mathematical_object,26,147,173,0.0002390169997201574,0,1260,1,False,True,2,2,0
1192,@shifting_of_the_spectral_foundations,Shifting of the Spectral Foundations,mathematical_object,1,1,2,0.00023120339317544248,0,1260,3,False,True,2,2,0
1193,@signal_phase_modulation,Signal Phase Modulation,mathematical_object,1,1,2,0.000261098036109078,0,1260,3,False,True,2,2,0
1194,@signatures_of_chromatic_and_phase_dynamics,Signatures of Chromatic and Phase Dynamics,mathematical_object,1,1,2,0.000261098036109078,0,1260,3,False,True,2,2,0
1195,@singular_resonance_events,Singular Resonance Events,mathematical_object,1,1,2,0.000261098036109078,0,1260,3,False,True,2,2,0
1196,@singularity,Singularity,mathematical_object,418,132,550,0.0027619655563499027,0,1260,1,False,True,4,4,0
1197,@singularity_theorem,Singularity Theorem,mathematical_object,59,133,192,0.000834003045832047,0,1260,1,False,True,4,4,0
1198,@smarr_formula,Family: `F12_BLACK_HOLE_MECHANICS`,mathematical_object,4,137,141,0.00012149783066346713,0,1260,1,False,True,2,2,0
1199,@smooth_manifold,Family: `F1_DIFFERENTIAL_FOUNDATION`,mathematical_object,416,310,726,0.0027752833492274646,0,1260,1,False,True,2,2,0
1200,@smooth_map,Family: `F1_DIFFERENTIAL_FOUNDATION`,mathematical_object,11,135,146,0.00021113109785052177,0,1260,1,False,True,2,2,0
1201,@soft_graviton_limit,@soft_graviton_limit,mathematical_object,2,1,3,0.0003420161845026072,0,1260,2,False,True,2,2,0
1202,@solution_space,Solution Space,mathematical_object,81,165,246,0.0006029776337116658,0,1260,1,False,True,4,4,0
1203,@source_graph,@source_graph,mathematical_object,1,1,2,0.00035176703717482735,1,14,6,False,False,2,2,0
1204,@spacelike_curve,Spacelike Curve,mathematical_object,31,132,163,0.00043308261610110405,0,1260,1,False,True,4,4,0
1205,@spacelike_hypersurface,Spacelike Hypersurface,mathematical_object,26,148,174,0.00023902628471221535,0,1260,1,False,True,4,4,0
1206,@spacelike_two_surface,@spacelike_two_surface,mathematical_object,0,2,2,0.00011264619953181728,142,1,2,False,False,2,2,0
1207,@spacetime,Spacetime,mathematical_object,436,310,746,0.002857060248485484,0,1260,0,True,True,4,4,0
1208,@spatial_curvature_parameter,Family: `F18_COSMOLOGY`,mathematical_object,34,133,167,0.0005659329079962653,0,1260,1,False,True,2,2,0
1209,@spectral_alliances,Spectral Alliances,mathematical_object,1,1,2,0.00023120339317544248,0,1260,3,False,True,2,2,0
1210,@spectral_behavior,@spectral_behavior,mathematical_object,51,137,188,0.00033514580042944193,0,1260,1,False,True,2,2,0
1211,@spectral_collapse_coupling_and_higher_order_stability_modes,Spectral–Collapse Coupling and Higher-Order Stability Modes,mathematical_object,1,1,2,0.00023120339317544248,0,1260,3,False,True,2,2,0
1212,@spectral_collapse_resonance,Spectral–Collapse Resonance,mathematical_object,2,2,4,0.00037965522975270325,0,1260,3,False,True,2,2,0
1213,@spectral_confluence_and_the_guidance_of_harmonic_flow,Spectral Confluence and the Guidance of Harmonic Flow,mathematical_object,2,2,4,0.00039925905003331306,0,1260,2,False,True,2,2,0
1214,@spectral_coupling,Spectral coupling,mathematical_object,4,149,153,0.00028780989512113995,0,1260,1,False,True,2,2,0
1215,@spectral_curvature,Spectral Curvature,mathematical_object,2,2,4,0.00032328031600177066,0,1260,2,False,True,2,2,0
1216,@spectral_decomposition_of_collapse_potentials,Spectral Decomposition of Collapse Potentials,mathematical_object,1,1,2,0.00023120339317544248,0,1260,3,False,True,2,2,0
1217,@spectral_diplomacy,Spectral Diplomacy,mathematical_object,1,1,2,0.00023120339317544248,0,1260,3,False,True,2,2,0
1218,@spectral_flow_tensor,Spectral Flow Tensor,mathematical_object,2,2,4,0.00039925905003331306,0,1260,2,False,True,2,2,0
1219,@spectral_gradient,Spectral Gradient,mathematical_object,3,2,5,0.00023526983004465137,0,1260,2,False,True,2,2,0
1220,@spectral_horizons_where_structure_attains_limit_form,Spectral Horizons: Where Structure Attains Limit Form,mathematical_object,1,1,2,0.00023120339317544248,0,1260,3,False,True,2,2,0
1221,@spectral_inertia_and_the_quieting_of_the_manifold,Spectral Inertia and the Quieting of the Manifold,mathematical_object,1,1,2,0.00023120339317544248,0,1260,3,False,True,2,2,0
1222,@spectral_inertia_tensor,Spectral Inertia Tensor,mathematical_object,1,1,2,0.00023120339317544248,0,1260,3,False,True,2,2,0
1223,@spectral_integrity_under_stress,Spectral Integrity Under Stress,mathematical_object,1,1,2,0.00023120339317544248,0,1260,3,False,True,2,2,0
1224,@spectral_lines_and_particle_propagation,Spectral Lines and Particle Propagation,mathematical_object,3,3,6,0.0005284806398506208,0,1260,2,False,True,2,2,0
1225,@spectral_measurement_projection,Spectral Measurement Projection,mathematical_object,1,1,2,0.00023120339317544248,0,1260,3,False,True,2,2,0
1226,@spectral_mode,Spectral Mode,mathematical_object,1,1,2,0.00023120339317544248,0,1260,3,False,True,2,2,0
1227,@spectral_projection_rule,Spectral Projection Rule,mathematical_object,1,1,2,0.00023120339317544248,0,1260,3,False,True,3,3,0
1228,@spectral_seeds_and_collapse_directions,Spectral Seeds and Collapse Directions,mathematical_object,1,1,2,0.00023120339317544248,0,1260,3,False,True,2,2,0
1229,@spectral_seeds_and_collapse_vectors,Spectral Seeds and Collapse Vectors,mathematical_object,1,1,2,0.00023120339317544248,0,1260,3,False,True,2,2,0
1230,@spectral_stress_functional,Spectral Stress Functional,mathematical_object,1,1,2,0.00023120339317544248,0,1260,3,False,True,2,2,0
1231,@spectral_tension_and_collapse_shear,Spectral Tension and Collapse Shear,mathematical_object,2,2,4,0.00035383556020286916,0,1260,3,False,True,2,2,0
1232,@spherical_harmonic_decomposition,Family: `F16_PERTURBATIONS_STABILITY`,mathematical_object,47,132,179,0.000625262087936864,0,1260,1,False,True,2,2,0
1233,@spin_2_projection,Spin 2 Projection,mathematical_object,4,6,10,0.0006250706388806946,0,1260,1,False,True,3,3,0
1234,@spin_connection,Family: `F4_CURVATURE`,mathematical_object,31,135,166,0.00048760628862314054,0,1260,1,False,True,2,2,0
1235,@spin_two_polarization,Family: `F8_LINEARIZED_GRAVITY_WAVES`,mathematical_object,420,143,563,0.0030765791118013606,0,1260,1,False,True,2,2,0
1236,@square_root_rule,@square_root_rule,mathematical_object,1,1,2,0.00024908890873447006,71,1,4,False,False,2,2,0
1237,@stabilization_operator,@stabilization_operator,mathematical_object,2,2,4,0.00047946518122423857,0,1260,4,False,True,2,2,0
1238,@stabilize_operator,Conditioned Stabilization Operator,Operator,5,2,7,0.00042973339452404675,0,1260,3,False,True,2,2,0
1239,@stable_er_foam_knot,Stable ER-Foam Knot,mathematical_object,52,5,57,0.00036956483728460885,0,1260,1,False,True,4,4,0
1240,@static_limit,Family: `F10_BLACK_HOLE_GEOMETRY`,mathematical_object,414,165,579,0.002679466601311214,0,1260,1,False,True,2,2,0
1241,@static_spacetime,Static Spacetime,mathematical_object,32,136,168,0.0004907521074138326,0,1260,1,False,True,3,3,0
1242,@stationary_spacetime,Stationary Spacetime,mathematical_object,32,136,168,0.0004907521074138326,0,1260,1,False,True,3,3,0
1243,@stellar_er_architecture_and_core_stabilization,Stellar ER Architecture and Core Stabilization,mathematical_object,0,1,1,0.00011264619953181728,143,1,4,False,False,2,2,0
1244,@stellar_resonance_links,Stellar Resonance Links,mathematical_object,1,1,2,0.000261098036109078,0,1260,3,False,True,2,2,0
1245,@stonewake_physics,STONEWAKE Unified Physics QMO,RootQMO,1,37,38,0.0002290140369933843,0,1260,1,False,True,1,1,0
1246,@stress_energy_contribution,Stress-Energy Contribution,mathematical_object,1,1,2,0.00020472312235814545,0,1260,2,False,True,2,2,0
1247,@stress_energy_tensor,Stress-Energy Tensor,mathematical_object,452,286,738,0.004186518974593425,0,1260,1,False,True,6,6,0
1248,@stress_tests_consistency_with_gr_qm_and_thermodynamics,"Stress Tests: Consistency with GR, QM, and Thermodynamics",mathematical_object,1,1,2,0.0001945288069456473,0,1260,3,False,True,2,2,0
1249,@strong_energy_condition,Strong Energy Condition,mathematical_object,6,133,139,0.00032312145764733767,0,1260,1,False,True,4,4,0
1250,@strong_field_gravity,Strong Field Gravity,mathematical_object,4,47,51,0.0007762191440906697,0,1260,1,False,True,3,3,8
1251,@structural_distinction,Structural Distinction,mathematical_object,2,1,3,0.0002578777361153879,85,1,3,False,False,2,2,0
1252,@structural_zero,Structural Zero — 0 | 0,mathematical_object,4,4,8,0.00047884438820456737,2,6,3,False,False,2,2,0
1253,@structure_formation,Structure Formation,mathematical_object,40,137,177,0.000634957532231917,0,1260,1,False,True,4,4,0
1254,@structured_temporal_manifold,Structured Temporal Manifold,mathematical_object,31,171,202,0.000190132974672696,0,1260,1,False,True,4,4,0
1255,@su3_reduction,SU(3) Structure-Group Reduction,reduction,1,1,2,0.0002857312125677555,65,1,5,False,False,1,1,0
1256,@sub_planckian_phase_order_and_gradient_dynamics,Sub-Planckian Phase Order and Gradient Dynamics,mathematical_object,1,1,2,0.000261098036109078,0,1260,3,False,True,2,2,0
1257,@superfluidic_field_dynamics_and_advanced_propulsion,Superfluidic Field Dynamics and Advanced Propulsion,mathematical_object,2,2,4,0.0003644999563765517,0,1260,2,False,True,2,2,0
1258,@supermassive_black_hole,Supermassive Black Hole,mathematical_object,39,137,176,0.0006204934345932969,0,1260,1,False,True,4,4,0
1259,@superradiance,Family: `F16_PERTURBATIONS_STABILITY`,mathematical_object,4,132,136,0.00018815525645328815,0,1260,1,False,True,2,2,0
1260,@surface_gravity,Surface Gravity,mathematical_object,83,159,242,0.000826795786110533,0,1260,1,False,True,4,4,0
1261,@sw_acoustics_sector,Acoustics / Pressure-Wave Sector,PHYSICS_SECTOR,2,2,4,0.00013461087124505325,0,1260,2,False,True,1,1,1
1262,@sw_atomic_sector,Atomic Carrier Sector,PHYSICS_SECTOR,2,2,4,0.00022378452164725904,0,1260,2,False,True,1,1,0
1263,@sw_atomic_species_registry,Atomic Species Registry Extension,CATALOG_EXTENSION,3,1,4,0.00022971929430977363,46,1,2,False,False,1,1,0
1264,@sw_biological_exposure_response,Biological Exposure Response Interface,GAME_EFFECT_INTERFACE,2,0,2,0.00013043498653324091,60,1,2,False,False,1,1,2
1265,@sw_chemical_reaction_sector,Reaction / Species Transformation Sector,PHYSICS_SECTOR,2,3,5,0.00013043498653324091,0,1260,2,False,True,1,1,2
1266,@sw_chirality_sector,Chirality / Symmetry Sector,PHYSICS_SECTOR,98,97,195,0.010515833999166328,0,1260,1,False,True,1,1,0
1267,@sw_constitutive_model,Constitutive Model Interface,MODEL_INTERFACE,3,0,3,0.000284368891506057,15,1,2,False,False,1,1,1
1268,@sw_continuum_sector,Continuum Mechanics Sector,PHYSICS_SECTOR,3,0,3,0.0002605837460419297,40,1,2,False,False,1,1,2
1269,@sw_electromagnetic_sector,Electromagnetic Sector,PHYSICS_SECTOR,17,14,31,0.0008512275116014443,0,1260,2,False,True,1,1,7
1270,@sw_fluid_sector,Fluid / Gas Sector,PHYSICS_SECTOR,28,27,55,0.0038953728848658982,0,1260,2,False,True,1,1,3
1271,@sw_gravity_geometry_sector,Gravity / Geometry Sector,PHYSICS_SECTOR,191,189,380,0.02047357204434285,0,1260,1,False,True,1,1,2
1272,@sw_gravity_well_model,Gravity Well Local-QMO Template,DERIVED_QMO_TEMPLATE,1,3,4,0.00011790733239780392,0,1260,2,False,True,1,1,0
1273,@sw_lightning_discharge_model,Lightning Discharge Local-QMO Template,DERIVED_QMO_TEMPLATE,1,6,7,0.00011790733239780392,0,1260,2,False,True,1,1,0
1274,@sw_material_sector,Material / Constitutive Sector,PHYSICS_SECTOR,47,44,91,0.006655840244847976,0,1260,2,False,True,1,1,2
1275,@sw_matter_sector,Matter / Readable Matter Sector,PHYSICS_SECTOR,89,87,176,0.011910588487838618,0,1260,1,False,True,1,1,0
1276,@sw_molecular_sector,Molecular Relation Sector,PHYSICS_SECTOR,8,6,14,0.0007473683878492032,0,1260,2,False,True,1,1,0
1277,@sw_molecular_species_registry,Molecular Species Registry Extension,CATALOG_EXTENSION,2,0,2,0.00022378452164725904,47,1,2,False,False,1,1,0
1278,@sw_optics_sector,Optics / Photon Readout Sector,PHYSICS_SECTOR,55,53,108,0.007392387541032144,0,1260,2,False,True,1,1,2
1279,@sw_periodic_table_extension,Periodic Table Extension Point,CATALOG_EXTENSION,2,0,2,0.00031316873363443094,45,1,2,False,False,1,1,0
1280,@sw_phase_change_model,Phase Change Local-QMO Template,DERIVED_QMO_TEMPLATE,1,4,5,0.00011790733239780392,0,1260,2,False,True,1,1,0
1281,@sw_phase_state,Material Phase State,STATE_OBJECT,3,0,3,0.0002715414108646145,9,1,2,False,False,1,1,1
1282,@sw_photon_resonance_model,Photon / Resonance Local-QMO Template,DERIVED_QMO_TEMPLATE,1,3,4,0.00011790733239780392,0,1260,2,False,True,1,1,0
1283,@sw_plasma_channel_model,Plasma Channel Local-QMO Template,DERIVED_QMO_TEMPLATE,1,6,7,0.00011790733239780392,0,1260,2,False,True,1,1,0
1284,@sw_plasma_sector,Plasma Sector,PHYSICS_SECTOR,4,6,10,0.0002674078699172871,0,1260,2,False,True,1,1,3
1285,@sw_poison_cloud_model,Poison Cloud Local-QMO Template,DERIVED_QMO_TEMPLATE,1,8,9,0.00011790733239780392,0,1260,2,False,True,1,1,0
1286,@sw_qft_sector,Quantum-Field Sector,PHYSICS_SECTOR,252,248,500,0.03770228782826959,0,1260,1,False,True,1,1,1
1287,@sw_render_readout,Physics Readout Compiler,READOUT_INTERFACE,1,5,6,0.00011790733239780392,0,1260,2,False,True,1,1,0
1288,@sw_species_concentration_field,Species Concentration Field,FIELD_STATE,5,0,5,0.0003554914697030511,48,1,2,False,False,1,1,1
1289,@sw_thermal_front_model,Thermal Front Local-QMO Template,DERIVED_QMO_TEMPLATE,1,3,4,0.00011790733239780392,0,1260,2,False,True,1,1,0
1290,@sw_thermodynamics_sector,Thermodynamics / Kinetic Sector,PHYSICS_SECTOR,46,37,83,0.00356430118803624,0,1260,2,False,True,1,1,2
1291,@sw_transport_sector,Transport Sector,PHYSICS_SECTOR,70,65,135,0.012851312414684285,0,1260,1,False,True,1,1,2
1292,@sw_wave_resonance_sector,Wave / Resonance Sector,PHYSICS_SECTOR,248,245,493,0.04278904038230522,0,1260,2,False,True,1,1,1
1293,@symplectic_form,Family: `F13_QFT_CURVED`,mathematical_object,79,163,242,0.0005965226521444264,0,1260,1,False,True,2,2,0
1294,@tangent_bundle,Family: `F1_DIFFERENTIAL_FOUNDATION`,mathematical_object,415,282,697,0.002694810955257561,0,1260,1,False,True,2,2,0
1295,@tangent_space,Tangent Space,mathematical_object,415,285,700,0.0026948962026638614,0,1260,1,False,True,3,3,0
1296,@tangent_vector,Family: `F1_DIFFERENTIAL_FOUNDATION`,mathematical_object,414,285,699,0.002685261240157989,0,1260,1,False,True,2,2,0
1297,@temperature_from_er_connectivity,Temperature from ER Connectivity,mathematical_object,1,1,2,0.0001945288069456473,0,1260,3,False,True,2,2,0
1298,@temporal_metric,Temporal Metric,mathematical_object,32,172,204,0.0002817625716923323,0,1260,1,False,True,4,4,0
1299,@tensor_field,Tensor Field,mathematical_object,436,281,717,0.002905367849311888,0,1260,1,False,True,4,4,0
1300,@tensor_harmonic_decomposition,Family: `F16_PERTURBATIONS_STABILITY`,mathematical_object,47,132,179,0.000625262087936864,0,1260,1,False,True,2,2,0
1301,@tetrad,Family: `F4_CURVATURE`,mathematical_object,31,135,166,0.00048760628862314054,0,1260,1,False,True,2,2,0
1302,@teukolsky_equation,Family: `F16_PERTURBATIONS_STABILITY`,mathematical_object,419,134,553,0.0027172896485917896,0,1260,1,False,True,2,2,0
1303,@the_abyssal_crown_wars_a_historical_reconstruction_of_resonance_conflict,The Abyssal Crown Wars: A Historical Reconstruction of Resonance Conflict,mathematical_object,1,1,2,0.000261098036109078,0,1260,3,False,True,2,2,0
1304,@the_ascendant_field_tensor,The Ascendant Field Tensor,mathematical_object,1,1,2,0.00024186778934912506,0,1260,2,False,True,2,2,0
1305,@the_ascendant_metric,The Ascendant Metric,mathematical_object,1,1,2,0.00020472312235814545,0,1260,2,False,True,2,2,0
1306,@the_bead_lattice_discrete_geometry_and_continuum_limit,The Bead Lattice: Discrete Geometry and Continuum Limit,mathematical_object,1,1,2,0.0002412249697277539,0,1260,3,False,True,2,2,0
1307,@the_collective_inference_field,The Collective Inference Field,mathematical_object,1,1,2,0.00024186778934912506,0,1260,2,False,True,2,2,0
1308,@the_convergence_field_where_every_descent_finds_its_shape,The Convergence Field: Where Every Descent Finds Its Shape,mathematical_object,1,1,2,0.00024186778934912506,0,1260,2,False,True,2,2,0
1309,@the_field_of_cosmic_intention,The Field of Cosmic Intention,mathematical_object,1,1,2,0.00024186778934912506,0,1260,2,False,True,2,2,0
1310,@the_final_phase_synthesis_of_mk_43_ultra_as_a_unified_geometric_framework,The Final Phase: Synthesis of MK--43 Ultra as a Unified Geometric Framework,mathematical_object,2,2,4,0.00035317495893540617,0,1260,2,False,True,2,2,0
1311,@the_genesis_lattice_filamentary_geometry,The Genesis Lattice: Filamentary Geometry,mathematical_object,1,1,2,0.0002412249697277539,0,1260,3,False,True,2,2,0
1312,@the_grand_network_a_cognitive_lattice,The Grand Network: A Cognitive Lattice,mathematical_object,1,1,2,0.0002412249697277539,0,1260,3,False,True,2,2,0
1313,@the_hypercoherent_field,The Hypercoherent Field,mathematical_object,1,1,2,0.00024186778934912506,0,1260,2,False,True,2,2,0
1314,@the_hyperdomain_lattice_a_world_that_notices,The Hyperdomain Lattice: A World That Notices,mathematical_object,1,1,2,0.0002412249697277539,0,1260,3,False,True,2,2,0
1315,@the_upper_lattice,The Upper Lattice,mathematical_object,1,1,2,0.0002412249697277539,0,1260,3,False,True,2,2,0
1316,@theorem_graph,@theorem_graph,mathematical_object,1,1,2,0.00035176703717482735,1,14,6,False,False,2,2,0
1317,@theorem_t1,Theorem T1 — Quantum Field Deduction,mathematical_object,1,1,2,0.00024186778934912506,0,1260,2,False,True,2,2,0
1318,@theorem_t2,Theorem T2 — Correspondence to Known Quantum Field Theory,mathematical_object,1,1,2,0.00024186778934912506,0,1260,2,False,True,2,2,0
1319,@theorem_t4,Theorem T4 — Field-Level Handoff Theorem,mathematical_object,1,1,2,0.00024186778934912506,0,1260,2,False,True,2,2,0
1320,@thermal_signatures_of_er_foam_and_chromatic_modes,Thermal Signatures of ER-Foam and Chromatic Modes,mathematical_object,1,1,2,0.0001945288069456473,0,1260,3,False,True,2,2,0
1321,@thermal_spectrum,@thermal_spectrum,mathematical_object,5,3,8,0.00024012208617452366,0,1260,1,False,True,2,2,0
1322,@third_law_black_hole_mechanics,Third Law Black Hole Mechanics,mathematical_object,58,141,199,0.000708287092959397,0,1260,1,False,True,4,4,0
1323,@time_orientation,Time Orientation,mathematical_object,417,207,624,0.002794777298578207,0,1260,1,False,True,4,4,0
1324,@time_shell,Time Shell,mathematical_object,447,136,583,0.004943962107364436,0,1260,0,True,True,6,6,1
1325,@time_shell_and_phase_metric,Time Shell and Phase Metric,mathematical_object,2,2,4,0.00035317495893540617,0,1260,2,False,True,2,2,0
1326,@time_shell_phase_field,Time-Shell Phase Field,mathematical_object,2,2,4,0.0003903196259263858,0,1260,2,False,True,2,2,0
1327,@time_shell_projection,Time Shell Projection,mathematical_object,435,307,742,0.0028559154533753244,0,1260,1,False,True,4,4,0
1328,@time_shell_projection_operator,Time-Shell Projection Operator,mathematical_object,438,133,571,0.0029427292439572895,0,1260,1,False,True,6,6,0
1329,@time_shell_superfluid,Time Shell Superfluid,mathematical_object,1,1,2,0.0002352783665592439,0,1260,3,False,True,2,2,0
1330,@time_shells_and_er_foam_bead_lattices,Time Shells and ER--Foam Bead Lattices,mathematical_object,1,1,2,0.0002412249697277539,0,1260,3,False,True,2,2,0
1331,@time_space,Time-Space,mathematical_object,37,177,214,0.0004999112700243013,0,1260,0,True,True,4,4,0
1332,@timelike_congruence,Timelike Congruence,mathematical_object,2,133,135,0.000122138247483364,0,1260,1,False,True,3,3,0
1333,@timelike_curve,Timelike Curve,mathematical_object,34,135,169,0.00044294427805982426,0,1260,1,False,True,4,4,0
1334,@timelike_geodesic,Timelike Geodesic,mathematical_object,7,138,145,0.00021687454983819796,0,1260,1,False,True,3,3,0
1335,@topological_and_categorical_formulations,Topological and Categorical Formulations,mathematical_object,1,1,2,0.000204795272723581,0,1260,2,False,True,2,2,0
1336,@topological_closure_map,@topological_closure_map,mathematical_object,1,1,2,0.000204795272723581,0,1260,2,False,True,2,2,0
1337,@topology_constraints,Topology Constraints,mathematical_object,416,245,661,0.0027854189871205923,0,1260,1,False,True,3,3,0
1338,@topology_induction,Topology Induction,mathematical_object,2,3,5,0.0002847546574590818,0,1260,1,False,True,3,3,0
1339,@torsion_tensor,Family: `F3_CONNECTION_MOTION`,mathematical_object,3,132,135,0.00017021100499329479,0,1260,1,False,True,2,2,0
1340,@total_action,Total Action,mathematical_object,417,146,563,0.003953887010398748,0,1260,1,False,True,4,4,0
1341,@total_density,Total density,mathematical_object,2,2,4,0.000357592807189321,0,1260,2,False,True,2,2,0
1342,@trace_reversal,Family: `F8_LINEARIZED_GRAVITY_WAVES`,mathematical_object,418,141,559,0.002936928237464798,0,1260,1,False,True,2,2,0
1343,@trace_reversed_field_equation,Trace Reversed Field Equation,mathematical_object,2,133,135,0.0002512743581180272,0,1260,1,False,True,4,4,0
1344,@transition_capacity,Transition Capacity,mathematical_object,1,1,2,0.0001478400733834959,0,1260,2,False,True,3,3,0
1345,@transverse_traceless_gauge,Family: `F8_LINEARIZED_GRAVITY_WAVES`,mathematical_object,419,142,561,0.0030655048610179585,0,1260,1,False,True,2,2,0
1346,@trapped_surface,Family: `F11_PENROSE_GLOBAL`,mathematical_object,414,135,549,0.0026764183909420334,0,1260,1,False,True,2,2,0
1347,@trapping_horizon,Family: `F10_BLACK_HOLE_GEOMETRY`,mathematical_object,40,136,176,0.0004936877923024114,0,1260,1,False,True,2,2,0
1348,@tri_field_master_action,Tri-Field Master Action,mathematical_object,1,1,2,0.00024186778934912506,0,1260,2,False,True,2,2,0
1349,@triadic_evolution,Triadic Evolution,mathematical_object,1,1,2,0.00011441699339941829,0,1260,2,False,True,2,2,0
1350,@tunneling_description,Family: `F14_HAWKING_THERMODYNAMICS`,mathematical_object,61,146,207,0.0007404745173819318,0,1260,1,False,True,2,2,0
1351,@unicellular_phase_shells,Unicellular Phase Shells,mathematical_object,1,1,2,0.000261098036109078,0,1260,3,False,True,2,2,0
1352,@unified_lagrangian,Unified Lagrangian,mathematical_object,1,1,2,0.00024186778934912506,0,1260,2,False,True,2,2,0
1353,@unit_normal,Family: `F6_INITIAL_VALUE_ADM`,mathematical_object,10,144,154,0.00021088856952207135,0,1260,1,False,True,2,2,0
1354,@unit_of_energy,Unit Of Energy,mathematical_object,1,1,2,0.0002556106119392161,0,1260,2,False,True,3,3,0
1355,@unit_string,@unit_string,mathematical_object,3,1,4,0.00024485809905747726,0,1260,2,False,True,2,2,0
1356,@unit_string_configuration_algebra,@unit_string_configuration_algebra,,1,0,1,0.00012461485821389337,79,1,2,False,False,0,0,0
1357,@unitarity,Family: `F15_INFORMATION`,mathematical_object,4,149,153,0.00015454814469656133,0,1260,1,False,True,2,2,0
1358,@unitarity_audit,@unitarity_audit,mathematical_object,1,0,1,0.0005258509278362831,42,1,2,False,False,2,2,0
1359,@universal_coupling,Universal Coupling,mathematical_object,6,1,7,0.0008482114287498478,0,1260,2,False,True,3,3,9
1360,@universal_phase_coherence_across_scales,Universal Phase Coherence Across Scales,mathematical_object,1,1,2,0.000261098036109078,0,1260,3,False,True,2,2,0
1361,@universe_scale_phase_topology_and_large_cycle_geometry,Universe-Scale Phase Topology and Large-Cycle Geometry,mathematical_object,2,2,4,0.0003532471093008417,0,1260,2,False,True,2,2,0
1362,@unruh_effect,Family: `F13_QFT_CURVED`,mathematical_object,41,140,181,0.00046482686244590657,0,1260,1,False,True,2,2,0
1363,@unruh_state,Family: `F14_HAWKING_THERMODYNAMICS`,mathematical_object,43,148,191,0.0005526486129674179,0,1260,1,False,True,2,2,0
1364,@vacuum_field_equation,Vacuum Field Equation,mathematical_object,415,179,594,0.002809151955710076,0,1260,1,False,True,4,4,0
1365,@vacuum_kasner_spacetime,Vacuum Kasner Spacetime,mathematical_object,4,133,137,0.0002974154528025602,0,1260,1,False,True,4,4,0
1366,@vacuum_state,Family: `F13_QFT_CURVED`,mathematical_object,52,148,200,0.0008357739945151441,0,1260,1,False,True,2,2,0
1367,@vacuum_wave_equation,Family: `F8_LINEARIZED_GRAVITY_WAVES`,mathematical_object,419,142,561,0.0030655048610179585,0,1260,1,False,True,2,2,0
1368,@vector_field,Vector Field,mathematical_object,13,134,147,0.00036201749819455924,0,1260,1,False,True,3,3,0
1369,@volume_form,Family: `F1_DIFFERENTIAL_FOUNDATION`,mathematical_object,16,137,153,0.0002473116459681984,0,1260,1,False,True,2,2,0
1370,@von_neumann_entropy,Family: `F15_INFORMATION`,mathematical_object,8,153,161,0.000247358408561956,0,1260,1,False,True,2,2,0
1371,@vorticity_tensor,Family: `F3_CONNECTION_MOTION`,mathematical_object,419,135,554,0.0029240647661714415,0,1260,1,False,True,2,2,0
1372,@wake_evolution,Wake Evolution,mathematical_object,5,150,155,0.0003077722619309782,0,1260,1,False,True,2,2,0
1373,@wake_stabilization_equation,Wake Stabilization Equation,mathematical_object,23,2,25,0.00025976440938346983,0,1260,1,False,True,2,2,0
1374,@warm_field_stability_condition,Warm-Field Stability Condition,mathematical_object,1,1,2,0.00024186778934912506,0,1260,2,False,True,2,2,0
1375,@wave_equations_in_mk_43_ultra,Wave Equations in MK--43 Ultra,mathematical_object,2,133,135,0.0002691807597651981,0,1260,1,False,True,2,2,0
1376,@weak_energy_condition,Weak Energy Condition,mathematical_object,6,133,139,0.00032312145764733767,0,1260,1,False,True,4,4,0
1377,@weak_field_metric_perturbation,Weak-Field Metric Perturbation,mathematical_object,439,133,572,0.003175529500574943,0,1260,1,False,True,6,6,0
1378,@wedge_product,Family: `F1_DIFFERENTIAL_FOUNDATION`,mathematical_object,15,135,150,0.0002444978195242748,0,1260,1,False,True,2,2,0
1379,@weighted_adjacency,Weighted Adjacency,mathematical_object,1,1,2,0.0002603463504532051,0,1260,2,False,True,2,2,0
1380,@well_posedness,Family: `F6_INITIAL_VALUE_ADM`,mathematical_object,53,145,198,0.0005863434044511753,0,1260,1,False,True,2,2,0
1381,@weyl_tensor,Family: `F4_CURVATURE`,mathematical_object,30,134,164,0.0004845396337448249,0,1260,1,False,True,2,2,0
1382,@white_core_curvature,White-core curvature,mathematical_object,1,1,2,0.00020472312235814545,0,1260,2,False,True,2,2,0
1383,@white_core_mote_coupling,@white_core_mote_coupling,mathematical_object,3,1,4,0.0003220639218355149,0,1260,2,False,True,2,2,0
1384,@white_state_core,White-State Core,mathematical_object,417,133,550,0.00425832230877298,0,1260,1,False,True,3,3,0
1385,@whitestatecore,WhiteStateCore,mathematical_object,1,1,2,0.0007062615206314717,0,1260,3,False,True,2,2,0
1386,@zer0_and_origin_tiger_resonance,ZER0 and Origin-Tiger Resonance,mathematical_object,1,1,2,0.000261098036109078,0,1260,3,False,True,2,2,0
1387,@zer0_interaction,ZER0 Interaction,mathematical_object,24,5,29,0.00029536431749453554,0,1260,1,False,True,2,2,0
1388,@zerilli_equation,Family: `F16_PERTURBATIONS_STABILITY`,mathematical_object,419,134,553,0.0027172896485917896,0,1260,1,False,True,2,2,0
1389,@zero_state,@zero_state,mathematical_object,0,1,1,0.00011264619953181728,144,1,3,False,False,2,2,0
1390,@zeroth_law_black_hole_mechanics,Zeroth Law Black Hole Mechanics,mathematical_object,53,139,192,0.0006356835076515526,0,1260,1,False,True,4,4,0
1391,QMO-DM-BRIDGE-CAND-004,Native Density / UCM Readout Discrimination Witness,QMO,2,2,4,0.000357592807189321,0,1260,2,False,True,1,1,0
1392,QMO-DM-MASTER-001,Current Formal Dark-Matter Mathematical Object,QMO,2,2,4,0.0003970696938512549,0,1260,2,False,True,1,1,0
1393,QMO-DM-SELF-002,Dark Matter API Recursive Self-Closure,QMO,1,1,2,0.0002290140369933843,0,1260,2,False,True,1,1,0
1394,QMO-DM-SRC-XAPI-003,Source-Backfilled ER Dark Matter Closure,QMO,1,1,2,0.0002290140369933843,0,1260,2,False,True,1,1,0
1395,QMO-XAPI-001,Time-Space / Dark Matter Bidirectional Cross-Closure,QMO,1,1,2,0.0002290140369933843,0,1260,2,False,True,1,1,0
1396,QMO-XAPI-002,API 4.3 x Dark Matter 2.2 Exhaustive Combined Closure,QMO,1,1,2,0.0002290140369933843,0,1260,2,False,True,1,1,0
1397,QMO-XAPI-CAND-001,Dark-Matter Nonemptiness as an Initial-Data Witness Problem,QMO,1,1,2,0.0002290140369933843,0,1260,2,False,True,1,1,0
1398,overlay-role://closure_arrival,Closure / arrival,overlay role,0,4,4,0.00011264619953181728,145,1,1,False,False,1,1,0
1399,overlay-role://general_transport_comparison,General transport comparison,overlay role,0,3,3,0.00011264619953181728,146,1,2,False,False,1,1,0
1400,overlay-role://helicon_mode_translation,Helicon mode translation,overlay role,0,3,3,0.00011264619953181728,147,1,1,False,False,1,1,0
1401,overlay-role://portal_admission,Portal admission,overlay role,0,3,3,0.00011264619953181728,148,1,2,False,False,1,1,0
1402,overlay-role://portal_state_propagation_inheritance,Portal state propagation / inheritance,overlay role,0,3,3,0.00011264619953181728,149,1,2,False,False,1,1,0
1403,overlay-role://projection_readable_qft_handoff,Projection / readable QFT handoff,overlay role,0,5,5,0.00011264619953181728,150,1,1,False,False,1,1,0
1404,overlay-role://road_history_ancestry,Road History / ancestry,overlay role,0,2,2,0.00011264619953181728,151,1,2,False,False,1,1,0
1405,overlay-role://route_capacity_and_distinguishability,Route capacity and distinguishability,overlay role,0,2,2,0.00011264619953181728,152,1,1,False,False,1,1,0
1406,overlay-role://six_basin_index,Six basin index,overlay role,0,3,3,0.00011264619953181728,153,1,3,False,False,1,1,0
1407,overlay-role://traveler_fine_identity,Traveler / fine identity,overlay role,0,2,2,0.00011264619953181728,154,1,2,False,False,1,1,0
1408,qftgr://ADDR,Boundary Address,BridgeNode,1,1,2,0.00020839546898842603,155,1,3,False,False,1,1,0
1409,qftgr://ER,ER Foam,BridgeNode,1,1,2,0.00019380662377418723,0,1260,3,False,True,1,1,0
1410,qftgr://FABR,Global Chirality Fabric,BridgeNode,2,4,6,0.00038193142167227773,0,1260,2,False,True,1,1,0
1411,qftgr://G,Graviton/Continuity,BridgeNode,2,2,4,0.0003226104000064585,0,1260,2,False,True,1,1,0
1412,qftgr://GR,GR Readout,BridgeNode,2,0,2,0.0003536620466487911,51,1,3,False,False,1,1,0
1413,qftgr://H,Helicon,BridgeNode,1,2,3,0.0002773818338989495,0,1260,3,False,True,1,1,0
1414,qftgr://P0,Prime Boundary 0|0,BridgeNode,0,1,1,0.00011264619953181728,156,1,4,False,False,1,1,0
1415,qftgr://QFT,QFT Readout,BridgeNode,2,0,2,0.00033443990946573223,52,1,4,False,False,1,1,0
1416,qftgr://S2,Localized S2 Address,BridgeNode,2,1,3,0.0002989204490009853,4,2,4,False,False,1,1,0
1417,qftgr://S3,S3 Continuity Carrier,BridgeNode,1,2,3,0.00019380662377418723,54,1,3,False,False,1,1,0
1418,qftgr://S4,S4 Time-Space,BridgeNode,1,0,1,0.0001950140167153834,53,1,4,False,False,1,1,0
1419,qftgr://TG,Transduction Geometry,BridgeNode,1,0,1,0.00019380662377418723,55,1,3,False,False,1,1,0
1420,qftgr://W,S3 Corridor / Cobordism,BridgeNode,1,3,4,0.0003667285781113007,4,2,4,False,False,1,1,0
1421,qmo://QMO-DM-BRIDGE-CAND-004,Native Density / UCM Readout Discrimination Witness,qmo,2,2,4,0.000357592807189321,0,1260,2,False,True,2,2,0
1422,qmo://QMO-DM-BRIDGE-CAND-008,Stress-Active Covariant Hidden Action Nonemptiness,qmo,1,1,2,0.00024186778934912506,0,1260,2,False,True,2,2,0
1423,qmo://QMO-DM-BRIDGE-CAND-011,Conditional Action-Lane Dark Readout Witness,qmo,1,1,2,0.00024186778934912506,0,1260,2,False,True,2,2,0
1424,qmo://QMO-DM-BRIDGE-CAND-012,Conditional Dark-Matter Qualification Witness,qmo,1,1,2,0.0002290140369933843,0,1260,2,False,True,2,2,0
1425,qmo://QMO-DM-BRIDGE-CAND-013,Metric-Active Hidden Representation Witness,qmo,1,1,2,0.00020472312235814545,0,1260,2,False,True,2,2,0
1426,qmo://QMO-DM-BRIDGE-CAND-016,Conditional UCM Hidden Stress-Energy Witness,qmo,1,1,2,0.00020472312235814545,0,1260,2,False,True,2,2,0
1427,qmo://QMO-DM-BRIDGE-CAND-017,Conditional UCM-Native Dark-Matter Qualification Witness,qmo,1,1,2,0.0002290140369933843,0,1260,2,False,True,2,2,0
1428,qmo://QMO-DM-BRIDGE-CAND-018,UCM Topology-Bearing Source-Scope Inclusion,qmo,1,1,2,0.000204795272723581,0,1260,2,False,True,2,2,0
1429,qmo://QMO-DM-BRIDGE-CAND-025,Conditional Event-Level Density / UCM Source Separation,qmo,2,2,4,0.000357592807189321,0,1260,2,False,True,2,2,0
1430,qmo://QMO-DM-BRIDGE-CAND-028,Two-Port Time-Shell Gravity Fiber Test,qmo,1,1,2,0.00020472312235814545,0,1260,2,False,True,2,2,0
1431,qmo://QMO-DM-BRIDGE-CAND-030,Recovered Chirality Seed / Byte Probe Basis,qmo,1,1,2,0.000204795272723581,0,1260,2,False,True,2,2,0
1432,qmo://QMO-DM-BRIDGE-CAND-031,Chirality-Seed Mirror Contrast Normal Form,qmo,1,1,2,0.000204795272723581,0,1260,2,False,True,2,2,0
1433,qmo://QMO-DM-BRIDGE-CAND-032,Chirality-Byte / Basin Finite Probe Family,qmo,1,1,2,0.000204795272723581,0,1260,2,False,True,2,2,0
1434,qmo://QMO-DM-BRIDGE-CAND-033,Canonical Chirality-Seed Time-Shell Gravity Fiber Test,qmo,2,2,4,0.00029687219554990916,0,1260,2,False,True,2,2,0
1435,qmo://QMO-DM-MASTER-001,Current Formal Dark-Matter Mathematical Object,qmo,2,2,4,0.0003970696938512549,0,1260,2,False,True,2,2,0
1436,qmo://QMO-DM-SELF-002,Dark Matter API Recursive Self-Closure,qmo,1,1,2,0.0002290140369933843,0,1260,2,False,True,2,2,0
1437,qmo://QMO-DM-SRC-XAPI-003,Source-Backfilled ER Dark Matter Closure,qmo,1,1,2,0.0002290140369933843,0,1260,2,False,True,2,2,0
1438,qmo://QMO-XAPI-001,Time-Space / Dark Matter Bidirectional Cross-Closure,qmo,1,1,2,0.0002290140369933843,0,1260,2,False,True,2,2,0
1439,qmo://QMO-XAPI-002,API 4.3 x Dark Matter 2.2 Exhaustive Combined Closure,qmo,1,1,2,0.0002290140369933843,0,1260,2,False,True,2,2,0
1440,qmo://QMO-XAPI-CAND-001,Dark-Matter Nonemptiness as an Initial-Data Witness Problem,qmo,1,1,2,0.0002290140369933843,0,1260,2,False,True,2,2,0
1441,source://anchor/SRC-DM-001,source://anchor/SRC-DM-001,source_anchor,0,2,2,0.00011264619953181728,157,1,2,False,False,1,1,0
1442,source://anchor/SRC-DM-002,source://anchor/SRC-DM-002,source_anchor,0,2,2,0.00011264619953181728,158,1,2,False,False,1,1,0
1443,source://anchor/SRC-DM-003,source://anchor/SRC-DM-003,source_anchor,0,2,2,0.00011264619953181728,159,1,2,False,False,1,1,0
1444,source://anchor/SRC-DM-004,source://anchor/SRC-DM-004,source_anchor,0,2,2,0.00011264619953181728,160,1,2,False,False,1,1,0
1445,source://anchor/SRC-DM-005,source://anchor/SRC-DM-005,source_anchor,0,2,2,0.00011264619953181728,161,1,2,False,False,1,1,0
1446,source://anchor/SRC-DM-006,source://anchor/SRC-DM-006,source_anchor,0,2,2,0.00011264619953181728,162,1,2,False,False,1,1,0
1447,source://anchor/SRC-DM-007,source://anchor/SRC-DM-007,source_anchor,0,3,3,0.00011264619953181728,163,1,2,False,False,1,1,0
1448,source://anchor/SRC-DM-008,source://anchor/SRC-DM-008,source_anchor,0,3,3,0.00011264619953181728,164,1,2,False,False,1,1,0
1449,source://anchor/SRC-DM-009,source://anchor/SRC-DM-009,source_anchor,0,4,4,0.00011264619953181728,165,1,2,False,False,1,1,0
1450,source://anchor/SRC-DM-010,source://anchor/SRC-DM-010,source_anchor,0,2,2,0.00011264619953181728,166,1,2,False,False,1,1,0
1451,source://anchor/SRC-DM-011,source://anchor/SRC-DM-011,source_anchor,0,4,4,0.00011264619953181728,167,1,2,False,False,1,1,0
1452,source://anchor/SRC-DM-012,source://anchor/SRC-DM-012,source_anchor,0,3,3,0.00011264619953181728,168,1,2,False,False,1,1,0
1453,source://anchor/SRC-DM-013,source://anchor/SRC-DM-013,source_anchor,0,3,3,0.00011264619953181728,169,1,2,False,False,1,1,0
1454,source://anchor/SRC-DM-014,source://anchor/SRC-DM-014,source_anchor,0,2,2,0.00011264619953181728,170,1,3,False,False,1,1,0
1455,source://anchor/SRC-DM-015,source://anchor/SRC-DM-015,source_anchor,0,3,3,0.00011264619953181728,171,1,2,False,False,1,1,0
1456,source://anchor/SRC-DM-016,source://anchor/SRC-DM-016,source_anchor,0,2,2,0.00011264619953181728,172,1,5,False,False,1,1,0
1457,source://anchor/SRC-DM-017,source://anchor/SRC-DM-017,source_anchor,0,2,2,0.00011264619953181728,173,1,3,False,False,1,1,0
1458,source://anchor/SRC-DM-018,source://anchor/SRC-DM-018,source_anchor,0,4,4,0.00011264619953181728,174,1,1,False,False,1,1,0
1459,source://anchor/SRC-DM-019,source://anchor/SRC-DM-019,source_anchor,0,4,4,0.00011264619953181728,175,1,1,False,False,1,1,0
